category,block_id,n_analogs,n_pairs,pairwise_accuracy,spearman,recall_at_1,recall_at_3
Bacon,0,5,10,0.1,-0.9486832980505138,0.0,0.0
Bacon,0,5,10,0.2,-0.8660254037844386,0.0,0.3333333333333333
Bacon,0,5,10,0.3,-0.7071067811865475,0.0,0.5
Bacon,0,5,10,0.35,-0.5642880936468347,0.0,0.0
Bacon,0,5,10,0.35,-0.4103913408340616,0.0,0.5
Bacon,0,5,10,0.35,-0.3354101966249684,0.0,0.3333333333333333
Bacon,0,5,10,0.35,-0.3354101966249684,0.0,0.3333333333333333
Bacon,0,5,10,0.4,-0.3689323936863109,0.0,1.0
Bacon,0,5,10,0.4,-0.3535533905932737,0.0,0.5
Bacon,0,5,10,0.45,-0.2236067977499789,0.0,1.0
Bacon,0,5,10,0.45,-0.2051956704170308,0.0,1.0
Bacon,0,5,10,0.45,-0.2051956704170308,0.0,1.0
Bacon,0,5,10,0.45,-0.1118033988749894,0.0,0.3333333333333333
Bacon,0,5,10,0.45,-0.1025978352085154,0.0,0.0
Bacon,0,5,10,0.45,-0.0512989176042577,0.0,1.0
Bacon,0,5,10,0.5,-0.0527046276694729,0.0,0.0
Bacon,0,5,10,0.5,0.0,0.0,0.0
Bacon,0,5,10,0.5,0.0,0.0,0.3333333333333333
Bacon,0,5,10,0.5,0.0,0.0,0.5
Bacon,0,5,10,0.5,0.0,0.0,0.5
Bacon,0,5,10,0.5,0.0,0.0,0.5
Bacon,0,5,10,0.5,0.0,0.0,0.5
Bacon,0,5,10,0.5,0.0,0.0,0.5
Bacon,0,5,10,0.5,0.0,0.0,0.5
Bacon,0,5,10,0.5,0.0,0.0,1.0
Bacon,0,5,10,0.5,0.0,0.5,1.0
Bacon,0,5,10,0.5,,0.2,0.6
Bacon,0,5,10,0.5,,0.2,0.6
Bacon,0,5,10,0.5,,0.2,0.6
Bacon,0,5,10,0.5,,0.2,0.6
Bacon,0,5,10,0.5,,0.2,0.6
Bacon,0,5,10,0.5,,0.2,0.6
Bacon,0,5,10,0.5,,0.2,0.6
Bacon,0,5,10,0.5,,0.2,0.6
Bacon,0,5,10,0.5,,0.2,0.6
Bacon,0,5,10,0.55,0.1025978352085154,0.0,0.5
Bacon,0,5,10,0.55,0.1118033988749894,0.0,0.3333333333333333
Bacon,0,5,10,0.55,0.1538967528127731,0.0,1.0
Bacon,0,5,10,0.55,0.2236067977499789,0.3333333333333333,1.0
Bacon,0,5,10,0.55,0.2236067977499789,1.0,1.0
Bacon,0,5,10,0.55,0.2236067977499789,1.0,1.0
Bacon,0,5,10,0.6,0.1581138830084189,0.0,0.0
Bacon,0,5,10,0.6,0.2886751345948128,0.0,0.3333333333333333
Bacon,0,5,10,0.6,0.2886751345948128,0.0,0.3333333333333333
Bacon,0,5,10,0.6,0.3162277660168379,0.5,1.0
Bacon,0,5,10,0.6,0.3535533905932737,0.0,0.5
Bacon,0,5,10,0.6,0.3535533905932737,0.0,0.5
Bacon,0,5,10,0.6,0.3689323936863109,0.0,1.0
Bacon,0,5,10,0.65,0.3354101966249684,0.0,0.3333333333333333
Bacon,0,5,10,0.65,0.3590924232298039,0.0,1.0
Bacon,0,5,10,0.65,0.3590924232298039,1.0,1.0
Bacon,0,5,10,0.65,0.3590924232298039,1.0,1.0
Bacon,0,5,10,0.65,0.4472135954999578,0.0,0.6666666666666666
Bacon,0,5,10,0.65,0.4472135954999578,0.0,0.6666666666666666
Bacon,0,5,10,0.65,0.4472135954999578,0.0,1.0
Bacon,0,5,10,0.65,0.4472135954999578,1.0,1.0
Bacon,0,5,10,0.65,0.4472135954999578,1.0,1.0
Bacon,0,5,10,0.65,0.5642880936468347,0.0,1.0
Bacon,0,5,10,0.65,0.5642880936468347,0.0,1.0
Bacon,0,5,10,0.65,0.5642880936468347,0.0,1.0
Bacon,0,5,10,0.65,0.5642880936468347,0.0,1.0
Bacon,0,5,10,0.65,0.5642880936468347,0.5,1.0
Bacon,0,5,10,0.7,0.4743416490252569,0.5,1.0
Bacon,0,5,10,0.7,0.4743416490252569,0.5,1.0
Bacon,0,5,10,0.7,0.4999999999999999,0.0,1.0
Bacon,0,5,10,0.7,0.5773502691896257,0.3333333333333333,1.0
Bacon,0,5,10,0.7,0.5773502691896257,0.5,1.0
Bacon,0,5,10,0.7,0.5773502691896257,0.5,1.0
Bacon,0,5,10,0.7,0.5797509043642028,0.0,1.0
Bacon,0,5,10,0.7,0.6324555320336759,0.0,1.0
Bacon,0,5,10,0.7,0.6324555320336759,0.0,1.0
Bacon,0,5,10,0.7,0.6324555320336759,0.0,1.0
Bacon,0,5,10,0.7,0.6324555320336759,0.5,1.0
Bacon,0,5,10,0.7,0.6324555320336759,0.5,1.0
Bacon,0,5,10,0.7,0.7071067811865475,1.0,1.0
Bacon,0,5,10,0.7,0.7071067811865475,1.0,1.0
Bacon,0,5,10,0.7,0.7071067811865475,1.0,1.0
Bacon,0,5,10,0.7,0.7071067811865475,1.0,1.0
Bacon,0,5,10,0.7,0.7071067811865475,1.0,1.0
Bacon,0,5,10,0.7,0.7071067811865475,1.0,1.0
Bacon,0,5,10,0.75,0.5642880936468347,0.5,1.0
Bacon,0,5,10,0.75,0.6155870112510925,1.0,1.0
Bacon,0,5,10,0.75,0.6708203932499368,1.0,1.0
Bacon,0,5,10,0.75,0.6708203932499368,1.0,1.0
Bacon,0,5,10,0.75,0.6708203932499368,1.0,1.0
Bacon,0,5,10,0.75,0.7181848464596079,0.0,1.0
Bacon,0,5,10,0.75,0.7181848464596079,0.0,1.0
Bacon,0,5,10,0.75,0.7826237921249264,0.0,1.0
Bacon,0,5,10,0.75,0.7826237921249264,0.0,1.0
Bacon,0,5,10,0.75,0.7826237921249264,0.0,1.0
Bacon,0,5,10,0.75,0.7826237921249264,0.0,1.0
Bacon,0,5,10,0.8,0.8660254037844386,0.3333333333333333,1.0
Bacon,0,5,10,0.8,0.8660254037844386,0.5,1.0
Bacon,0,5,10,0.85,0.8207826816681233,0.5,1.0
Bacon,0,5,10,0.85,0.8720815992723809,0.0,1.0
Bacon,0,5,10,0.85,0.8944271909999157,0.3333333333333333,1.0
Bacon,0,5,10,0.85,0.8944271909999157,1.0,1.0
Bacon,0,5,10,0.85,0.8944271909999157,1.0,1.0
Bacon,0,5,10,0.9,0.9486832980505138,0.5,1.0
Bacon,0,5,10,0.95,0.9746794344808964,1.0,1.0
Bacon,1,5,10,0.15,-0.8720815992723809,0.0,0.0
Bacon,1,5,10,0.2,-0.8660254037844386,0.0,0.3333333333333333
Bacon,1,5,10,0.25,-0.7826237921249264,0.0,0.3333333333333333
Bacon,1,5,10,0.25,-0.6708203932499368,0.0,0.0
Bacon,1,5,10,0.25,-0.6708203932499368,0.0,0.0
Bacon,1,5,10,0.25,-0.6708203932499368,0.0,0.3333333333333333
Bacon,1,5,10,0.35,-0.5642880936468347,0.0,0.0
Bacon,1,5,10,0.35,-0.5642880936468347,0.0,1.0
Bacon,1,5,10,0.35,-0.4472135954999578,0.0,0.0
Bacon,1,5,10,0.35,-0.3354101966249684,0.0,0.3333333333333333
Bacon,1,5,10,0.35,-0.3354101966249684,0.0,0.3333333333333333
Bacon,1,5,10,0.4,-0.3535533905932737,0.0,0.5
Bacon,1,5,10,0.4,-0.3535533905932737,0.0,0.5
Bacon,1,5,10,0.4,-0.3162277660168379,0.0,0.0
Bacon,1,5,10,0.4,-0.3162277660168379,0.0,1.0
Bacon,1,5,10,0.4,-0.2886751345948128,0.0,0.3333333333333333
Bacon,1,5,10,0.4,-0.2886751345948128,0.0,0.3333333333333333
Bacon,1,5,10,0.4,-0.2635231383473649,0.0,0.0
Bacon,1,5,10,0.4,0.0,0.0,0.0
Bacon,1,5,10,0.45,-0.2236067977499789,0.0,0.0
Bacon,1,5,10,0.45,-0.2236067977499789,0.0,0.3333333333333333
Bacon,1,5,10,0.45,-0.2236067977499789,0.0,0.6666666666666666
Bacon,1,5,10,0.45,-0.2236067977499789,0.0,0.6666666666666666
Bacon,1,5,10,0.45,-0.2051956704170308,0.0,0.0
Bacon,1,5,10,0.5,0.0,0.0,0.0
Bacon,1,5,10,0.5,0.0,0.0,0.5
Bacon,1,5,10,0.5,0.0,0.0,0.5
Bacon,1,5,10,0.5,0.0,0.0,0.5
Bacon,1,5,10,0.5,0.0,0.0,1.0
Bacon,1,5,10,0.5,0.0,0.25,0.75
Bacon,1,5,10,0.5,0.0,0.5,1.0
Bacon,1,5,10,0.5,0.0,0.5,1.0
Bacon,1,5,10,0.5,,0.2,0.6
Bacon,1,5,10,0.5,,0.2,0.6
Bacon,1,5,10,0.5,,0.2,0.6
Bacon,1,5,10,0.5,,0.2,0.6
Bacon,1,5,10,0.5,,0.2,0.6
Bacon,1,5,10,0.55,0.0512989176042577,0.5,1.0
Bacon,1,5,10,0.55,0.1118033988749894,0.0,0.3333333333333333
Bacon,1,5,10,0.55,0.1538967528127731,0.0,1.0
Bacon,1,5,10,0.55,0.1538967528127731,0.0,1.0
Bacon,1,5,10,0.55,0.2236067977499789,0.0,0.6666666666666666
Bacon,1,5,10,0.55,0.3077935056255462,0.0,0.5
Bacon,1,5,10,0.6,0.2108185106778919,0.0,1.0
Bacon,1,5,10,0.6,0.2635231383473649,0.0,1.0
Bacon,1,5,10,0.6,0.2886751345948128,0.3333333333333333,1.0
Bacon,1,5,10,0.6,0.3162277660168379,0.0,1.0
Bacon,1,5,10,0.65,0.2051956704170308,0.0,0.0
Bacon,1,5,10,0.65,0.4472135954999578,0.0,0.6666666666666666
Bacon,1,5,10,0.65,0.4472135954999578,0.0,0.6666666666666666
Bacon,1,5,10,0.65,0.4472135954999578,0.0,0.6666666666666666
Bacon,1,5,10,0.65,0.4472135954999578,0.0,0.6666666666666666
Bacon,1,5,10,0.65,0.4472135954999578,0.0,1.0
Bacon,1,5,10,0.65,0.4472135954999578,0.0,1.0
Bacon,1,5,10,0.65,0.4472135954999578,0.0,1.0
Bacon,1,5,10,0.65,0.4472135954999578,0.3333333333333333,1.0
Bacon,1,5,10,0.65,0.4472135954999578,1.0,1.0
Bacon,1,5,10,0.7,0.3999999999999999,0.0,1.0
Bacon,1,5,10,0.7,0.5270462766947299,0.0,0.5
Bacon,1,5,10,0.7,0.5270462766947299,0.5,1.0
Bacon,1,5,10,0.7,0.5773502691896257,0.3333333333333333,1.0
Bacon,1,5,10,0.7,0.5797509043642028,0.0,1.0
Bacon,1,5,10,0.7,0.5797509043642028,0.0,1.0
Bacon,1,5,10,0.7,0.5797509043642028,0.0,1.0
Bacon,1,5,10,0.7,0.5797509043642028,0.5,1.0
Bacon,1,5,10,0.7,0.6324555320336759,0.5,1.0
Bacon,1,5,10,0.7,0.7071067811865475,1.0,1.0
Bacon,1,5,10,0.7,0.7071067811865475,1.0,1.0
Bacon,1,5,10,0.75,0.6155870112510925,0.0,1.0
Bacon,1,5,10,0.75,0.6668859288553501,0.0,1.0
Bacon,1,5,10,0.75,0.6668859288553501,1.0,1.0
Bacon,1,5,10,0.75,0.6708203932499368,0.0,0.6666666666666666
Bacon,1,5,10,0.75,0.6708203932499368,1.0,1.0
Bacon,1,5,10,0.75,0.6708203932499368,1.0,1.0
Bacon,1,5,10,0.75,0.7181848464596079,0.0,1.0
Bacon,1,5,10,0.75,0.7826237921249264,0.0,1.0
Bacon,1,5,10,0.8,0.7,1.0,1.0
Bacon,1,5,10,0.8,0.7905694150420948,0.0,1.0
Bacon,1,5,10,0.8,0.8660254037844386,0.5,1.0
Bacon,1,5,10,0.8,0.8660254037844386,0.5,1.0
Bacon,1,5,10,0.8,0.8660254037844386,0.5,1.0
Bacon,1,5,10,0.85,0.8207826816681233,0.0,1.0
Bacon,1,5,10,0.85,0.8207826816681233,0.0,1.0
Bacon,1,5,10,0.85,0.8207826816681233,0.5,1.0
Bacon,1,5,10,0.85,0.8720815992723809,0.5,1.0
Bacon,1,5,10,0.85,0.8944271909999157,0.3333333333333333,1.0
Bacon,1,5,10,0.85,0.8944271909999157,1.0,1.0
Bacon,1,5,10,0.85,0.8944271909999157,1.0,1.0
Bacon,1,5,10,0.85,0.8944271909999157,1.0,1.0
Bacon,1,5,10,0.9,0.9486832980505138,1.0,1.0
Bacon,1,5,10,0.9,0.9486832980505138,1.0,1.0
Bacon,1,5,10,0.95,0.9746794344808964,1.0,1.0
Barista_Milk,0,5,10,0.2,-0.8660254037844386,0.0,0.0
Barista_Milk,0,5,10,0.2,-0.7,0.0,1.0
Barista_Milk,0,5,10,0.25,-0.6708203932499368,0.0,0.3333333333333333
Barista_Milk,0,5,10,0.25,-0.6668859288553501,0.0,0.0
Barista_Milk,0,5,10,0.25,-0.6155870112510925,0.0,0.0
Barista_Milk,0,5,10,0.3,-0.4999999999999999,0.0,1.0
Barista_Milk,0,5,10,0.35,-0.4103913408340616,0.0,0.0
Barista_Milk,0,5,10,0.35,-0.4103913408340616,0.0,1.0
Barista_Milk,0,5,10,0.4,-0.3535533905932737,0.0,0.5
Barista_Milk,0,5,10,0.4,-0.2886751345948128,0.0,0.0
Barista_Milk,0,5,10,0.4,-0.2886751345948128,0.0,0.3333333333333333
Barista_Milk,0,5,10,0.45,-0.2236067977499789,0.0,0.0
Barista_Milk,0,5,10,0.45,-0.2236067977499789,0.0,0.6666666666666666
Barista_Milk,0,5,10,0.45,-0.2236067977499789,0.0,1.0
Barista_Milk,0,5,10,0.45,-0.2051956704170308,0.0,0.0
Barista_Milk,0,5,10,0.45,-0.2051956704170308,0.0,1.0
Barista_Milk,0,5,10,0.45,-0.2051956704170308,0.0,1.0
Barista_Milk,0,5,10,0.45,-0.1118033988749894,0.0,0.0
Barista_Milk,0,5,10,0.45,-0.1118033988749894,0.0,0.3333333333333333
Barista_Milk,0,5,10,0.45,-0.1118033988749894,0.3333333333333333,1.0
Barista_Milk,0,5,10,0.45,-0.1025978352085154,0.0,1.0
Barista_Milk,0,5,10,0.45,-0.1025978352085154,0.0,1.0
Barista_Milk,0,5,10,0.45,0.0512989176042577,1.0,1.0
Barista_Milk,0,5,10,0.5,-0.0527046276694729,0.0,0.0
Barista_Milk,0,5,10,0.5,0.0,0.25,0.75
Barista_Milk,0,5,10,0.5,0.0,0.25,0.75
Barista_Milk,0,5,10,0.5,0.0,0.3333333333333333,1.0
Barista_Milk,0,5,10,0.5,0.0,0.5,1.0
Barista_Milk,0,5,10,0.5,0.0527046276694729,0.0,1.0
Barista_Milk,0,5,10,0.5,,0.2,0.6
Barista_Milk,0,5,10,0.5,,0.2,0.6
Barista_Milk,0,5,10,0.55,0.0512989176042577,0.0,1.0
Barista_Milk,0,5,10,0.55,0.1025978352085154,0.0,1.0
Barista_Milk,0,5,10,0.55,0.1118033988749894,0.3333333333333333,1.0
Barista_Milk,0,5,10,0.55,0.1538967528127731,0.0,0.5
Barista_Milk,0,5,10,0.55,0.2051956704170308,0.0,1.0
Barista_Milk,0,5,10,0.55,0.2236067977499789,0.0,0.0
Barista_Milk,0,5,10,0.6,0.2886751345948128,0.0,0.3333333333333333
Barista_Milk,0,5,10,0.6,0.2886751345948128,0.3333333333333333,1.0
Barista_Milk,0,5,10,0.6,0.2886751345948128,0.5,1.0
Barista_Milk,0,5,10,0.6,0.3162277660168379,1.0,1.0
Barista_Milk,0,5,10,0.65,0.2051956704170308,0.5,1.0
Barista_Milk,0,5,10,0.65,0.3077935056255462,0.5,1.0
Barista_Milk,0,5,10,0.65,0.3590924232298039,0.0,1.0
Barista_Milk,0,5,10,0.65,0.3590924232298039,0.0,1.0
Barista_Milk,0,5,10,0.65,0.3590924232298039,0.0,1.0
Barista_Milk,0,5,10,0.65,0.3590924232298039,0.5,1.0
Barista_Milk,0,5,10,0.65,0.3590924232298039,1.0,1.0
Barista_Milk,0,5,10,0.65,0.4103913408340616,0.0,0.5
Barista_Milk,0,5,10,0.65,0.4103913408340616,0.0,0.5
Barista_Milk,0,5,10,0.65,0.4103913408340616,0.5,1.0
Barista_Milk,0,5,10,0.65,0.4472135954999578,0.0,0.6666666666666666
Barista_Milk,0,5,10,0.65,0.4472135954999578,0.0,1.0
Barista_Milk,0,5,10,0.65,0.4472135954999578,0.3333333333333333,1.0
Barista_Milk,0,5,10,0.65,0.4472135954999578,0.3333333333333333,1.0
Barista_Milk,0,5,10,0.65,0.5642880936468347,0.0,1.0
Barista_Milk,0,5,10,0.65,0.5642880936468347,0.0,1.0
Barista_Milk,0,5,10,0.7,0.4743416490252569,0.5,1.0
Barista_Milk,0,5,10,0.7,0.4999999999999999,0.0,1.0
Barista_Milk,0,5,10,0.7,0.5270462766947299,0.0,0.5
Barista_Milk,0,5,10,0.7,0.5270462766947299,1.0,1.0
Barista_Milk,0,5,10,0.7,0.5797509043642028,0.5,1.0
Barista_Milk,0,5,10,0.7,0.6,0.0,1.0
Barista_Milk,0,5,10,0.7,0.6,0.0,1.0
Barista_Milk,0,5,10,0.7,0.6324555320336759,0.0,1.0
Barista_Milk,0,5,10,0.7,0.6324555320336759,0.5,1.0
Barista_Milk,0,5,10,0.7,0.6324555320336759,0.5,1.0
Barista_Milk,0,5,10,0.7,0.7071067811865475,0.25,0.75
Barista_Milk,0,5,10,0.7,0.7071067811865475,0.25,0.75
Barista_Milk,0,5,10,0.7,0.7071067811865475,0.25,0.75
Barista_Milk,0,5,10,0.7,0.7071067811865475,1.0,1.0
Barista_Milk,0,5,10,0.7,0.7071067811865475,1.0,1.0
Barista_Milk,0,5,10,0.7,0.7071067811865475,1.0,1.0
Barista_Milk,0,5,10,0.75,0.5642880936468347,0.5,1.0
Barista_Milk,0,5,10,0.75,0.5642880936468347,1.0,1.0
Barista_Milk,0,5,10,0.75,0.6155870112510925,0.5,1.0
Barista_Milk,0,5,10,0.75,0.6155870112510925,1.0,1.0
Barista_Milk,0,5,10,0.75,0.6668859288553501,0.5,1.0
Barista_Milk,0,5,10,0.75,0.6668859288553501,0.5,1.0
Barista_Milk,0,5,10,0.75,0.6668859288553501,1.0,1.0
Barista_Milk,0,5,10,0.75,0.6668859288553501,1.0,1.0
Barista_Milk,0,5,10,0.75,0.6708203932499368,0.3333333333333333,1.0
Barista_Milk,0,5,10,0.75,0.7826237921249264,0.3333333333333333,1.0
Barista_Milk,0,5,10,0.75,0.7826237921249264,0.3333333333333333,1.0
Barista_Milk,0,5,10,0.8,0.7,1.0,1.0
Barista_Milk,0,5,10,0.8,0.7,1.0,1.0
Barista_Milk,0,5,10,0.8,0.7378647873726218,0.5,1.0
Barista_Milk,0,5,10,0.8,0.7378647873726218,0.5,1.0
Barista_Milk,0,5,10,0.8,0.7378647873726218,1.0,1.0
Barista_Milk,0,5,10,0.8,0.7378647873726218,1.0,1.0
Barista_Milk,0,5,10,0.8,0.7378647873726218,1.0,1.0
Barista_Milk,0,5,10,0.8,0.7905694150420948,0.5,1.0
Barista_Milk,0,5,10,0.8,0.7999999999999999,1.0,1.0
Barista_Milk,0,5,10,0.8,0.8660254037844386,0.3333333333333333,1.0
Barista_Milk,0,5,10,0.8,0.8660254037844386,0.5,1.0
Barista_Milk,0,5,10,0.85,0.8207826816681233,0.0,1.0
Barista_Milk,0,5,10,0.85,0.8720815992723809,0.0,1.0
Barista_Milk,0,5,10,0.85,0.8720815992723809,0.5,1.0
Barista_Milk,0,5,10,0.85,0.8720815992723809,0.5,1.0
Barista_Milk,0,5,10,0.85,0.8720815992723809,1.0,1.0
Barista_Milk,0,5,10,0.85,0.8944271909999157,0.3333333333333333,1.0
Barista_Milk,0,5,10,0.85,0.8944271909999157,0.3333333333333333,1.0
Barista_Milk,0,5,10,0.85,0.8944271909999157,1.0,1.0
Barista_Milk,0,5,10,0.9,0.8999999999999998,1.0,1.0
Barista_Milk,0,5,10,0.9,0.8999999999999998,1.0,1.0
Barista_Milk,0,5,10,0.9,0.9486832980505138,0.5,1.0
Barista_Milk,0,5,10,0.9,0.9486832980505138,1.0,1.0
Barista_Milk,0,5,10,0.9,0.9486832980505138,1.0,1.0
Barista_Milk,1,5,10,0.15,-0.8207826816681233,0.0,0.0
Barista_Milk,1,5,10,0.15,-0.8207826816681233,0.0,0.0
Barista_Milk,1,5,10,0.25,-0.6708203932499368,0.0,0.0
Barista_Milk,1,5,10,0.25,-0.6708203932499368,0.0,0.0
Barista_Milk,1,5,10,0.25,-0.6708203932499368,0.0,0.0
Barista_Milk,1,5,10,0.25,-0.6708203932499368,0.0,0.0
Barista_Milk,1,5,10,0.25,-0.6708203932499368,0.0,0.0
Barista_Milk,1,5,10,0.3,-0.5773502691896257,0.0,0.0
Barista_Milk,1,5,10,0.3,-0.4999999999999999,0.0,0.0
Barista_Milk,1,5,10,0.35,-0.4442616583193193,0.3333333333333333,1.0
Barista_Milk,1,5,10,0.35,-0.3354101966249684,0.0,0.3333333333333333
Barista_Milk,1,5,10,0.35,-0.2051956704170308,0.0,0.0
Barista_Milk,1,5,10,0.35,-0.2051956704170308,0.0,0.0
Barista_Milk,1,5,10,0.4,-0.3535533905932737,0.0,0.5
Barista_Milk,1,5,10,0.4,-0.3441236008058426,0.3333333333333333,1.0
Barista_Milk,1,5,10,0.4,-0.3162277660168379,0.0,0.0
Barista_Milk,1,5,10,0.4,-0.3162277660168379,0.0,0.0
Barista_Milk,1,5,10,0.4,-0.3162277660168379,0.0,0.0
Barista_Milk,1,5,10,0.4,-0.3,0.0,0.0
Barista_Milk,1,5,10,0.4,-0.3,0.0,0.0
Barista_Milk,1,5,10,0.4,-0.3,0.0,0.0
Barista_Milk,1,5,10,0.4,-0.2961744388795462,0.0,0.3333333333333333
Barista_Milk,1,5,10,0.4,-0.1581138830084189,0.0,0.0
Barista_Milk,1,5,10,0.4,-0.1581138830084189,0.0,0.0
Barista_Milk,1,5,10,0.45,-0.2294157338705617,0.0,0.0
Barista_Milk,1,5,10,0.45,-0.2294157338705617,0.0,0.0
Barista_Milk,1,5,10,0.45,-0.2236067977499789,0.0,0.6666666666666666
Barista_Milk,1,5,10,0.45,-0.1025978352085154,0.0,0.0
Barista_Milk,1,5,10,0.45,-0.1025978352085154,0.0,0.0
Barista_Milk,1,5,10,0.45,-0.1025978352085154,0.0,0.0
Barista_Milk,1,5,10,0.45,-0.0833333333333333,0.0,1.0
Barista_Milk,1,5,10,0.45,0.0512989176042577,0.0,0.0
Barista_Milk,1,5,10,0.5,0.0,0.0,0.0
Barista_Milk,1,5,10,0.5,0.0,0.0,0.0
Barista_Milk,1,5,10,0.5,0.0,0.0,0.0
Barista_Milk,1,5,10,0.5,0.0,0.0,0.3333333333333333
Barista_Milk,1,5,10,0.5,0.0,0.25,0.75
Barista_Milk,1,5,10,0.5,0.0,0.25,0.75
Barista_Milk,1,5,10,0.5,0.0999999999999999,0.0,0.0
Barista_Milk,1,5,10,0.5,0.108147614087175,0.0,0.5
Barista_Milk,1,5,10,0.5,0.108147614087175,0.0,0.5
Barista_Milk,1,5,10,0.55,-0.0526315789473684,0.0,0.0
Barista_Milk,1,5,10,0.55,0.1025978352085154,0.0,0.0
Barista_Milk,1,5,10,0.55,0.1480872194397731,0.5,1.0
Barista_Milk,1,5,10,0.55,0.2051956704170308,0.0,0.0
Barista_Milk,1,5,10,0.55,0.2051956704170308,0.0,1.0
Barista_Milk,1,5,10,0.55,0.2236067977499789,0.0,0.6666666666666666
Barista_Milk,1,5,10,0.55,0.2236067977499789,0.0,0.6666666666666666
Barista_Milk,1,5,10,0.55,0.2236067977499789,0.0,0.6666666666666666
Barista_Milk,1,5,10,0.55,0.2236067977499789,0.0,0.6666666666666666
Barista_Milk,1,5,10,0.55,0.3077935056255462,0.0,1.0
Barista_Milk,1,5,10,0.6,0.2631578947368421,0.0,1.0
Barista_Milk,1,5,10,0.6,0.2635231383473649,0.0,1.0
Barista_Milk,1,5,10,0.6,0.2635231383473649,0.0,1.0
Barista_Milk,1,5,10,0.6,0.2894736842105264,0.0,1.0
Barista_Milk,1,5,10,0.6,0.2894736842105264,0.5,1.0
Barista_Milk,1,5,10,0.6,0.2961744388795462,0.3333333333333333,1.0
Barista_Milk,1,5,10,0.6,0.2961744388795462,0.3333333333333333,1.0
Barista_Milk,1,5,10,0.6,0.3,0.0,0.0
Barista_Milk,1,5,10,0.6,0.3162277660168379,0.0,0.5
Barista_Milk,1,5,10,0.6,0.3785166493051126,0.0,1.0
Barista_Milk,1,5,10,0.65,0.3590924232298039,0.0,1.0
Barista_Milk,1,5,10,0.65,0.3590924232298039,0.0,1.0
Barista_Milk,1,5,10,0.65,0.3590924232298039,0.0,1.0
Barista_Milk,1,5,10,0.65,0.368421052631579,0.0,0.0
Barista_Milk,1,5,10,0.65,0.4103913408340616,0.0,0.5
Barista_Milk,1,5,10,0.65,0.4103913408340616,0.0,1.0
Barista_Milk,1,5,10,0.65,0.4103913408340616,0.0,1.0
Barista_Milk,1,5,10,0.65,0.4103913408340616,0.0,1.0
Barista_Milk,1,5,10,0.65,0.4325904563487001,0.5,1.0
Barista_Milk,1,5,10,0.65,0.4616902584383193,0.0,1.0
Barista_Milk,1,5,10,0.65,0.5642880936468347,0.0,1.0
Barista_Milk,1,5,10,0.7,0.4999999999999999,0.0,1.0
Barista_Milk,1,5,10,0.7,0.5000000000000001,0.5,1.0
Barista_Milk,1,5,10,0.7,0.5000000000000001,0.5,1.0
Barista_Milk,1,5,10,0.7,0.5773502691896257,0.3333333333333333,1.0
Barista_Milk,1,5,10,0.7,0.5773502691896257,0.3333333333333333,1.0
Barista_Milk,1,5,10,0.7,0.5797509043642028,0.0,1.0
Barista_Milk,1,5,10,0.7,0.5797509043642028,0.0,1.0
Barista_Milk,1,5,10,0.7,0.6488856845230502,0.5,1.0
Barista_Milk,1,5,10,0.7,0.6488856845230502,0.5,1.0
Barista_Milk,1,5,10,0.7,0.7254762501100117,0.25,0.75
Barista_Milk,1,5,10,0.75,0.6668859288553501,0.0,1.0
Barista_Milk,1,5,10,0.75,0.6708203932499368,0.3333333333333333,1.0
Barista_Milk,1,5,10,0.75,0.6708203932499368,0.3333333333333333,1.0
Barista_Milk,1,5,10,0.75,0.6708203932499368,0.3333333333333333,1.0
Barista_Milk,1,5,10,0.75,0.675922588044844,1.0,1.0
Barista_Milk,1,5,10,0.75,0.675922588044844,1.0,1.0
Barista_Milk,1,5,10,0.75,0.6882472016116853,0.0,0.6666666666666666
Barista_Milk,1,5,10,0.75,0.6882472016116853,0.0,0.6666666666666666
Barista_Milk,1,5,10,0.75,0.6882472016116853,0.0,0.6666666666666666
Barista_Milk,1,5,10,0.75,0.6882472016116853,0.0,0.6666666666666666
Barista_Milk,1,5,10,0.75,0.8029550685469662,0.0,1.0
Barista_Milk,1,5,10,0.8,0.7894736842105264,1.0,1.0
Barista_Milk,1,5,10,0.8,0.7905694150420948,0.5,1.0
Barista_Milk,1,5,10,0.8,0.8838834764831843,1.0,1.0
Barista_Milk,1,5,10,0.8,0.8885233166386386,0.5,1.0
Barista_Milk,1,5,10,0.85,0.8720815992723809,0.5,1.0
Barista_Milk,1,5,10,0.85,0.8720815992723809,0.5,1.0
Barista_Milk,1,5,10,0.85,0.8947368421052632,0.0,1.0
Barista_Milk,1,5,10,0.9,0.9733285267845752,0.5,1.0
Barista_Milk,1,5,10,0.9,0.9733285267845752,0.5,1.0
Barista_Milk,1,5,10,0.9,0.9733285267845754,1.0,1.0
Bratwurst,0,4,6,0.0833333333333333,-0.948683298050514,0.0,0.0
Bratwurst,0,4,6,0.1666666666666666,-0.8944271909999159,0.0,0.5
Bratwurst,0,4,6,0.25,-0.7745966692414834,0.0,0.0
Bratwurst,0,4,6,0.25,-0.7745966692414834,0.0,0.6666666666666666
Bratwurst,0,4,6,0.25,-0.632455532033676,0.0,0.0
Bratwurst,0,4,6,0.25,-0.632455532033676,0.0,0.5
Bratwurst,0,4,6,0.25,-0.632455532033676,0.0,1.0
Bratwurst,0,4,6,0.3333333333333333,-0.4472135954999579,0.0,0.5
Bratwurst,0,4,6,0.3333333333333333,-0.4472135954999579,0.0,0.5
Bratwurst,0,4,6,0.3333333333333333,-0.4472135954999579,0.0,0.5
Bratwurst,0,4,6,0.3333333333333333,-0.3999999999999999,0.0,0.0
Bratwurst,0,4,6,0.3333333333333333,-0.3999999999999999,0.0,1.0
Bratwurst,0,4,6,0.4166666666666667,-0.316227766016838,0.0,0.0
Bratwurst,0,4,6,0.4166666666666667,-0.316227766016838,0.0,1.0
Bratwurst,0,4,6,0.4166666666666667,-0.2581988897471611,0.0,0.6666666666666666
Bratwurst,0,4,6,0.4166666666666667,-0.2581988897471611,0.3333333333333333,1.0
Bratwurst,0,4,6,0.4166666666666667,-0.2108185106778919,0.0,0.5
Bratwurst,0,4,6,0.4166666666666667,-0.1054092553389459,0.5,1.0
Bratwurst,0,4,6,0.5,0.0,0.0,1.0
Bratwurst,0,4,6,0.5,0.1999999999999999,0.0,1.0
Bratwurst,0,4,6,0.5,0.1999999999999999,0.0,1.0
Bratwurst,0,4,6,0.5,,0.25,0.75
Bratwurst,0,4,6,0.5,,0.25,0.75
Bratwurst,0,4,6,0.5,,0.25,0.75
Bratwurst,0,4,6,0.5,,0.25,0.75
Bratwurst,0,4,6,0.5833333333333334,0.2108185106778919,0.0,1.0
Bratwurst,0,4,6,0.5833333333333334,0.2108185106778919,0.0,1.0
Bratwurst,0,4,6,0.5833333333333334,0.2108185106778919,0.5,1.0
Bratwurst,0,4,6,0.5833333333333334,0.2581988897471611,0.0,0.6666666666666666
Bratwurst,0,4,6,0.5833333333333334,0.2581988897471611,0.0,0.6666666666666666
Bratwurst,0,4,6,0.5833333333333334,0.2581988897471611,0.3333333333333333,1.0
Bratwurst,0,4,6,0.5833333333333334,0.2581988897471611,0.3333333333333333,1.0
Bratwurst,0,4,6,0.5833333333333334,0.2581988897471611,0.3333333333333333,1.0
Bratwurst,0,4,6,0.5833333333333334,0.2581988897471611,0.3333333333333333,1.0
Bratwurst,0,4,6,0.5833333333333334,0.316227766016838,0.0,1.0
Bratwurst,0,4,6,0.5833333333333334,0.316227766016838,0.0,1.0
Bratwurst,0,4,6,0.5833333333333334,0.316227766016838,0.0,1.0
Bratwurst,0,4,6,0.5833333333333334,0.316227766016838,0.0,1.0
Bratwurst,0,4,6,0.5833333333333334,0.316227766016838,0.0,1.0
Bratwurst,0,4,6,0.5833333333333334,0.316227766016838,0.0,1.0
Bratwurst,0,4,6,0.5833333333333334,0.316227766016838,0.0,1.0
Bratwurst,0,4,6,0.5833333333333334,0.316227766016838,0.0,1.0
Bratwurst,0,4,6,0.5833333333333334,0.316227766016838,0.0,1.0
Bratwurst,0,4,6,0.5833333333333334,0.316227766016838,0.0,1.0
Bratwurst,0,4,6,0.5833333333333334,0.316227766016838,0.0,1.0
Bratwurst,0,4,6,0.5833333333333334,0.316227766016838,1.0,1.0
Bratwurst,0,4,6,0.5833333333333334,0.316227766016838,1.0,1.0
Bratwurst,0,4,6,0.6666666666666666,0.3999999999999999,0.0,1.0
Bratwurst,0,4,6,0.6666666666666666,0.3999999999999999,0.0,1.0
Bratwurst,0,4,6,0.6666666666666666,0.3999999999999999,0.0,1.0
Bratwurst,0,4,6,0.6666666666666666,0.3999999999999999,0.0,1.0
Bratwurst,0,4,6,0.6666666666666666,0.3999999999999999,0.0,1.0
Bratwurst,0,4,6,0.6666666666666666,0.3999999999999999,0.0,1.0
Bratwurst,0,4,6,0.6666666666666666,0.3999999999999999,0.0,1.0
Bratwurst,0,4,6,0.6666666666666666,0.3999999999999999,1.0,1.0
Bratwurst,0,4,6,0.6666666666666666,0.3999999999999999,1.0,1.0
Bratwurst,0,4,6,0.6666666666666666,0.4472135954999579,0.5,1.0
Bratwurst,0,4,6,0.6666666666666666,0.4472135954999579,0.5,1.0
Bratwurst,0,4,6,0.6666666666666666,0.6000000000000001,0.0,1.0
Bratwurst,0,4,6,0.75,0.632455532033676,0.0,1.0
Bratwurst,0,4,6,0.75,0.632455532033676,0.0,1.0
Bratwurst,0,4,6,0.75,0.632455532033676,0.0,1.0
Bratwurst,0,4,6,0.75,0.632455532033676,0.0,1.0
Bratwurst,0,4,6,0.75,0.632455532033676,0.0,1.0
Bratwurst,0,4,6,0.75,0.632455532033676,0.5,1.0
Bratwurst,0,4,6,0.75,0.632455532033676,0.5,1.0
Bratwurst,0,4,6,0.75,0.632455532033676,1.0,1.0
Bratwurst,0,4,6,0.75,0.632455532033676,1.0,1.0
Bratwurst,0,4,6,0.75,0.632455532033676,1.0,1.0
Bratwurst,0,4,6,0.75,0.7378647873726218,0.0,1.0
Bratwurst,0,4,6,0.75,0.7378647873726218,0.5,1.0
Bratwurst,0,4,6,0.75,0.7745966692414834,0.3333333333333333,1.0
Bratwurst,0,4,6,0.75,0.7745966692414834,1.0,1.0
Bratwurst,0,4,6,0.75,0.7745966692414834,1.0,1.0
Bratwurst,0,4,6,0.75,0.7745966692414834,1.0,1.0
Bratwurst,0,4,6,0.75,0.7745966692414834,1.0,1.0
Bratwurst,0,4,6,0.75,0.7745966692414834,1.0,1.0
Bratwurst,0,4,6,0.8333333333333334,0.7999999999999999,0.0,1.0
Bratwurst,0,4,6,0.8333333333333334,0.7999999999999999,0.0,1.0
Bratwurst,0,4,6,0.8333333333333334,0.7999999999999999,0.0,1.0
Bratwurst,0,4,6,0.8333333333333334,0.7999999999999999,0.0,1.0
Bratwurst,0,4,6,0.8333333333333334,0.7999999999999999,1.0,1.0
Bratwurst,0,4,6,0.8333333333333334,0.7999999999999999,1.0,1.0
Bratwurst,0,4,6,0.8333333333333334,0.7999999999999999,1.0,1.0
Bratwurst,0,4,6,0.8333333333333334,0.7999999999999999,1.0,1.0
Bratwurst,0,4,6,0.8333333333333334,0.7999999999999999,1.0,1.0
Bratwurst,0,4,6,0.8333333333333334,0.8944271909999159,0.5,1.0
Bratwurst,0,4,6,0.8333333333333334,0.8944271909999159,0.5,1.0
Bratwurst,0,4,6,0.8333333333333334,0.8944271909999159,0.5,1.0
Bratwurst,0,4,6,0.8333333333333334,0.8944271909999159,0.5,1.0
Bratwurst,0,4,6,0.8333333333333334,0.8944271909999159,0.5,1.0
Bratwurst,0,4,6,0.8333333333333334,0.8944271909999159,0.5,1.0
Bratwurst,0,4,6,0.8333333333333334,0.8944271909999159,0.5,1.0
Bratwurst,0,4,6,0.8333333333333334,0.8944271909999159,0.5,1.0
Bratwurst,0,4,6,0.9166666666666666,0.948683298050514,0.5,1.0
Bratwurst,0,4,6,0.9166666666666666,0.948683298050514,0.5,1.0
Bratwurst,0,4,6,0.9166666666666666,0.948683298050514,0.5,1.0
Bratwurst,0,4,6,0.9166666666666666,0.948683298050514,1.0,1.0
Bratwurst,0,4,6,0.9166666666666666,0.948683298050514,1.0,1.0
Bratwurst,0,4,6,0.9166666666666666,0.948683298050514,1.0,1.0
Bratwurst,0,4,6,0.9166666666666666,0.948683298050514,1.0,1.0
Bratwurst,0,4,6,0.9166666666666666,0.948683298050514,1.0,1.0
Bratwurst,0,4,6,1.0,1.0,1.0,1.0
Bratwurst,0,4,6,1.0,1.0,1.0,1.0
Bratwurst,0,4,6,1.0,1.0,1.0,1.0
Bratwurst,0,4,6,1.0,1.0,1.0,1.0
Bratwurst,1,5,10,0.1,-0.9486832980505138,0.0,0.0
Bratwurst,1,5,10,0.15,-0.8720815992723809,0.0,0.0
Bratwurst,1,5,10,0.2,-0.8660254037844386,0.0,0.3333333333333333
Bratwurst,1,5,10,0.25,-0.6668859288553501,0.0,0.0
Bratwurst,1,5,10,0.25,-0.6668859288553501,0.0,0.0
Bratwurst,1,5,10,0.3,-0.4743416490252569,0.0,0.0
Bratwurst,1,5,10,0.3,-0.4743416490252569,0.0,0.0
Bratwurst,1,5,10,0.35,-0.4616902584383193,0.0,0.0
Bratwurst,1,5,10,0.35,-0.4472135954999578,0.0,0.0
Bratwurst,1,5,10,0.35,-0.4472135954999578,0.0,0.3333333333333333
Bratwurst,1,5,10,0.35,-0.3590924232298039,0.0,0.0
Bratwurst,1,5,10,0.35,-0.3590924232298039,0.0,0.0
Bratwurst,1,5,10,0.35,-0.3590924232298039,0.0,0.0
Bratwurst,1,5,10,0.35,-0.3354101966249684,0.0,0.3333333333333333
Bratwurst,1,5,10,0.4,-0.3535533905932737,0.0,0.5
Bratwurst,1,5,10,0.45,-0.2236067977499789,0.0,0.0
Bratwurst,1,5,10,0.45,-0.2236067977499789,0.0,0.0
Bratwurst,1,5,10,0.45,-0.2051956704170308,0.0,0.0
Bratwurst,1,5,10,0.45,-0.2051956704170308,0.0,1.0
Bratwurst,1,5,10,0.45,-0.1118033988749894,0.0,0.3333333333333333
Bratwurst,1,5,10,0.45,-0.1118033988749894,0.0,0.3333333333333333
Bratwurst,1,5,10,0.45,-0.1025978352085154,0.5,1.0
Bratwurst,1,5,10,0.5,-0.1054092553389459,0.0,0.0
Bratwurst,1,5,10,0.5,-0.0527046276694729,0.0,0.5
Bratwurst,1,5,10,0.5,-0.0527046276694729,0.0,0.5
Bratwurst,1,5,10,0.5,0.0,0.0,0.0
Bratwurst,1,5,10,0.5,0.0,0.0,0.3333333333333333
Bratwurst,1,5,10,0.5,0.0,0.0,0.3333333333333333
Bratwurst,1,5,10,0.5,0.0,0.0,0.5
Bratwurst,1,5,10,0.5,0.0,0.25,0.75
Bratwurst,1,5,10,0.5,0.0,0.3333333333333333,1.0
Bratwurst,1,5,10,0.5,,0.2,0.6
Bratwurst,1,5,10,0.5,,0.2,0.6
Bratwurst,1,5,10,0.55,0.1025978352085154,0.0,0.0
Bratwurst,1,5,10,0.55,0.1118033988749894,0.0,1.0
Bratwurst,1,5,10,0.55,0.1118033988749894,0.3333333333333333,1.0
Bratwurst,1,5,10,0.55,0.2051956704170308,0.0,0.0
Bratwurst,1,5,10,0.55,0.2236067977499789,0.0,0.0
Bratwurst,1,5,10,0.55,0.2236067977499789,0.0,0.3333333333333333
Bratwurst,1,5,10,0.55,0.2236067977499789,0.0,0.6666666666666666
Bratwurst,1,5,10,0.6,0.1581138830084189,0.0,0.0
Bratwurst,1,5,10,0.6,0.1581138830084189,0.0,0.0
Bratwurst,1,5,10,0.6,0.2108185106778919,0.0,1.0
Bratwurst,1,5,10,0.6,0.2635231383473649,0.5,1.0
Bratwurst,1,5,10,0.6,0.2886751345948128,0.5,1.0
Bratwurst,1,5,10,0.6,0.2886751345948128,0.5,1.0
Bratwurst,1,5,10,0.6,0.3162277660168379,0.0,0.5
Bratwurst,1,5,10,0.6,0.3162277660168379,0.0,1.0
Bratwurst,1,5,10,0.6,0.3162277660168379,0.5,1.0
Bratwurst,1,5,10,0.6,0.3162277660168379,0.5,1.0
Bratwurst,1,5,10,0.6,0.3535533905932737,0.0,0.5
Bratwurst,1,5,10,0.6,0.3689323936863109,0.0,0.5
Bratwurst,1,5,10,0.65,0.3077935056255462,0.0,1.0
Bratwurst,1,5,10,0.65,0.3354101966249684,0.0,0.3333333333333333
Bratwurst,1,5,10,0.65,0.3590924232298039,0.0,1.0
Bratwurst,1,5,10,0.65,0.3590924232298039,0.0,1.0
Bratwurst,1,5,10,0.65,0.3590924232298039,0.0,1.0
Bratwurst,1,5,10,0.65,0.4103913408340616,0.0,1.0
Bratwurst,1,5,10,0.65,0.4472135954999578,0.3333333333333333,1.0
Bratwurst,1,5,10,0.65,0.4616902584383193,0.5,1.0
Bratwurst,1,5,10,0.65,0.5642880936468347,0.0,1.0
Bratwurst,1,5,10,0.7,0.5270462766947299,0.0,0.5
Bratwurst,1,5,10,0.7,0.5270462766947299,0.5,1.0
Bratwurst,1,5,10,0.7,0.5773502691896257,0.3333333333333333,1.0
Bratwurst,1,5,10,0.7,0.5773502691896257,0.5,1.0
Bratwurst,1,5,10,0.7,0.5773502691896257,0.5,1.0
Bratwurst,1,5,10,0.7,0.5797509043642028,0.5,1.0
Bratwurst,1,5,10,0.7,0.5797509043642028,0.5,1.0
Bratwurst,1,5,10,0.7,0.6,0.0,1.0
Bratwurst,1,5,10,0.7,0.6324555320336759,0.0,1.0
Bratwurst,1,5,10,0.7,0.6324555320336759,0.5,1.0
Bratwurst,1,5,10,0.7,0.7071067811865475,1.0,1.0
Bratwurst,1,5,10,0.7,0.7071067811865475,1.0,1.0
Bratwurst,1,5,10,0.7,0.7071067811865475,1.0,1.0
Bratwurst,1,5,10,0.75,0.6155870112510925,0.0,1.0
Bratwurst,1,5,10,0.75,0.6668859288553501,0.0,1.0
Bratwurst,1,5,10,0.75,0.6668859288553501,0.5,1.0
Bratwurst,1,5,10,0.75,0.6668859288553501,1.0,1.0
Bratwurst,1,5,10,0.75,0.6668859288553501,1.0,1.0
Bratwurst,1,5,10,0.75,0.6708203932499368,0.3333333333333333,1.0
Bratwurst,1,5,10,0.75,0.6708203932499368,1.0,1.0
Bratwurst,1,5,10,0.75,0.6708203932499368,1.0,1.0
Bratwurst,1,5,10,0.75,0.7826237921249264,0.0,1.0
Bratwurst,1,5,10,0.75,0.7826237921249264,0.0,1.0
Bratwurst,1,5,10,0.8,0.7378647873726218,0.5,1.0
Bratwurst,1,5,10,0.8,0.8660254037844386,0.5,1.0
Bratwurst,1,5,10,0.8,0.8660254037844386,0.5,1.0
Bratwurst,1,5,10,0.85,0.8207826816681233,0.0,1.0
Bratwurst,1,5,10,0.85,0.8207826816681233,1.0,1.0
Bratwurst,1,5,10,0.85,0.8944271909999157,0.3333333333333333,1.0
Bratwurst,1,5,10,0.85,0.8944271909999157,1.0,1.0
Bratwurst,1,5,10,0.85,0.8944271909999157,1.0,1.0
Bratwurst,1,5,10,0.9,0.8999999999999998,1.0,1.0
Bratwurst,1,5,10,0.9,0.8999999999999998,1.0,1.0
Bratwurst,1,5,10,0.9,0.9486832980505138,1.0,1.0
Bratwurst,1,5,10,0.9,0.9486832980505138,1.0,1.0
Bratwurst,1,5,10,0.9,0.9486832980505138,1.0,1.0
Bratwurst,1,5,10,0.95,0.9746794344808964,1.0,1.0
Bratwurst,1,5,10,1.0,1.0,1.0,1.0
Breaded_Chicken_Filet,0,5,10,0.1,-0.9486832980505138,0.0,0.0
Breaded_Chicken_Filet,0,5,10,0.15,-0.8944271909999157,0.0,0.0
Breaded_Chicken_Filet,0,5,10,0.15,-0.8944271909999157,0.0,0.3333333333333333
Breaded_Chicken_Filet,0,5,10,0.3,-0.7071067811865475,0.0,0.0
Breaded_Chicken_Filet,0,5,10,0.35,-0.4472135954999578,0.0,0.0
Breaded_Chicken_Filet,0,5,10,0.35,-0.4472135954999578,0.0,0.3333333333333333
Breaded_Chicken_Filet,0,5,10,0.35,-0.4103913408340616,0.0,0.5
Breaded_Chicken_Filet,0,5,10,0.35,-0.4103913408340616,0.0,0.5
Breaded_Chicken_Filet,0,5,10,0.35,-0.3354101966249684,0.0,0.3333333333333333
Breaded_Chicken_Filet,0,5,10,0.4,-0.3689323936863109,0.0,1.0
Breaded_Chicken_Filet,0,5,10,0.4,-0.3689323936863109,0.0,1.0
Breaded_Chicken_Filet,0,5,10,0.4,-0.3535533905932737,0.0,0.5
Breaded_Chicken_Filet,0,5,10,0.4,-0.3162277660168379,0.0,0.0
Breaded_Chicken_Filet,0,5,10,0.4,-0.3162277660168379,0.0,0.0
Breaded_Chicken_Filet,0,5,10,0.4,-0.3162277660168379,0.0,0.0
Breaded_Chicken_Filet,0,5,10,0.4,-0.2886751345948128,0.0,0.0
Breaded_Chicken_Filet,0,5,10,0.4,-0.2886751345948128,0.0,0.3333333333333333
Breaded_Chicken_Filet,0,5,10,0.4,-0.2886751345948128,0.3333333333333333,1.0
Breaded_Chicken_Filet,0,5,10,0.4,-0.2635231383473649,0.0,0.5
Breaded_Chicken_Filet,0,5,10,0.4,-0.2108185106778919,0.0,0.5
Breaded_Chicken_Filet,0,5,10,0.45,-0.2236067977499789,0.0,1.0
Breaded_Chicken_Filet,0,5,10,0.45,-0.2236067977499789,0.0,1.0
Breaded_Chicken_Filet,0,5,10,0.45,-0.2236067977499789,0.3333333333333333,1.0
Breaded_Chicken_Filet,0,5,10,0.45,-0.2236067977499789,0.3333333333333333,1.0
Breaded_Chicken_Filet,0,5,10,0.45,-0.1538967528127731,0.0,0.0
Breaded_Chicken_Filet,0,5,10,0.5,-0.0999999999999999,0.0,1.0
Breaded_Chicken_Filet,0,5,10,0.5,0.0,0.0,0.0
Breaded_Chicken_Filet,0,5,10,0.5,0.0,0.0,0.0
Breaded_Chicken_Filet,0,5,10,0.5,0.0,0.0,0.5
Breaded_Chicken_Filet,0,5,10,0.5,0.0,0.0,1.0
Breaded_Chicken_Filet,0,5,10,0.5,0.0,0.0,1.0
Breaded_Chicken_Filet,0,5,10,0.5,0.0527046276694729,0.0,1.0
Breaded_Chicken_Filet,0,5,10,0.5,0.1054092553389459,1.0,1.0
Breaded_Chicken_Filet,0,5,10,0.5,0.1054092553389459,1.0,1.0
Breaded_Chicken_Filet,0,5,10,0.5,,0.2,0.6
Breaded_Chicken_Filet,0,5,10,0.5,,0.2,0.6
Breaded_Chicken_Filet,0,5,10,0.5,,0.2,0.6
Breaded_Chicken_Filet,0,5,10,0.5,,0.2,0.6
Breaded_Chicken_Filet,0,5,10,0.5,,0.2,0.6
Breaded_Chicken_Filet,0,5,10,0.55,-0.0512989176042577,0.0,1.0
Breaded_Chicken_Filet,0,5,10,0.55,0.1538967528127731,0.0,1.0
Breaded_Chicken_Filet,0,5,10,0.55,0.2051956704170308,0.0,0.0
Breaded_Chicken_Filet,0,5,10,0.55,0.2236067977499789,0.0,0.3333333333333333
Breaded_Chicken_Filet,0,5,10,0.55,0.2236067977499789,0.0,0.3333333333333333
Breaded_Chicken_Filet,0,5,10,0.55,0.2236067977499789,1.0,1.0
Breaded_Chicken_Filet,0,5,10,0.55,0.3077935056255462,0.0,1.0
Breaded_Chicken_Filet,0,5,10,0.6,0.2635231383473649,0.0,1.0
Breaded_Chicken_Filet,0,5,10,0.6,0.3535533905932737,0.0,0.5
Breaded_Chicken_Filet,0,5,10,0.6,0.3535533905932737,0.0,0.5
Breaded_Chicken_Filet,0,5,10,0.6,0.3535533905932737,0.0,0.5
Breaded_Chicken_Filet,0,5,10,0.6,0.3535533905932737,0.0,0.5
Breaded_Chicken_Filet,0,5,10,0.65,0.4103913408340616,1.0,1.0
Breaded_Chicken_Filet,0,5,10,0.65,0.4103913408340616,1.0,1.0
Breaded_Chicken_Filet,0,5,10,0.65,0.4472135954999578,0.0,0.6666666666666666
Breaded_Chicken_Filet,0,5,10,0.65,0.4472135954999578,0.3333333333333333,1.0
Breaded_Chicken_Filet,0,5,10,0.65,0.4472135954999578,0.3333333333333333,1.0
Breaded_Chicken_Filet,0,5,10,0.65,0.4616902584383193,1.0,1.0
Breaded_Chicken_Filet,0,5,10,0.7,0.4743416490252569,0.5,1.0
Breaded_Chicken_Filet,0,5,10,0.7,0.4743416490252569,0.5,1.0
Breaded_Chicken_Filet,0,5,10,0.7,0.5773502691896257,0.5,1.0
Breaded_Chicken_Filet,0,5,10,0.7,0.5797509043642028,0.5,1.0
Breaded_Chicken_Filet,0,5,10,0.7,0.6324555320336759,0.0,1.0
Breaded_Chicken_Filet,0,5,10,0.7,0.7071067811865475,0.25,0.75
Breaded_Chicken_Filet,0,5,10,0.7,0.7071067811865475,1.0,1.0
Breaded_Chicken_Filet,0,5,10,0.7,0.7071067811865475,1.0,1.0
Breaded_Chicken_Filet,0,5,10,0.75,0.6668859288553501,1.0,1.0
Breaded_Chicken_Filet,0,5,10,0.75,0.6708203932499368,1.0,1.0
Breaded_Chicken_Filet,0,5,10,0.8,0.8660254037844386,0.3333333333333333,1.0
Breaded_Chicken_Filet,0,5,10,0.85,0.8207826816681233,1.0,1.0
Breaded_Chicken_Filet,0,5,10,0.85,0.8720815992723809,0.5,1.0
Breaded_Chicken_Filet,0,5,10,0.85,0.8720815992723809,1.0,1.0
Breaded_Chicken_Filet,0,5,10,0.85,0.8944271909999157,1.0,1.0
Breaded_Chicken_Filet,0,5,10,0.85,0.8944271909999157,1.0,1.0
Breaded_Chicken_Filet,0,5,10,0.85,0.8944271909999157,1.0,1.0
Breaded_Chicken_Filet,0,5,10,0.85,0.8944271909999157,1.0,1.0
Breaded_Chicken_Filet,0,5,10,0.9,0.8999999999999998,1.0,1.0
Breaded_Chicken_Filet,0,5,10,0.9,0.9486832980505138,0.5,1.0
Breaded_Chicken_Filet,0,5,10,0.9,0.9486832980505138,1.0,1.0
Breakfast_Sausages,0,5,10,0.1,-0.8999999999999998,0.0,0.0
Breakfast_Sausages,0,5,10,0.15,-0.8720815992723809,0.0,0.0
Breakfast_Sausages,0,5,10,0.15,-0.8207826816681233,0.0,0.5
Breakfast_Sausages,0,5,10,0.25,-0.6708203932499368,0.0,0.0
Breakfast_Sausages,0,5,10,0.3,-0.5773502691896257,0.0,0.3333333333333333
Breakfast_Sausages,0,5,10,0.35,-0.4103913408340616,0.0,0.5
Breakfast_Sausages,0,5,10,0.35,-0.3077935056255462,0.0,0.0
Breakfast_Sausages,0,5,10,0.35,-0.3077935056255462,0.0,0.0
Breakfast_Sausages,0,5,10,0.35,-0.2051956704170308,0.0,0.0
Breakfast_Sausages,0,5,10,0.4,-0.3535533905932737,0.0,0.5
Breakfast_Sausages,0,5,10,0.4,-0.3162277660168379,0.0,0.0
Breakfast_Sausages,0,5,10,0.4,-0.2886751345948128,0.0,0.3333333333333333
Breakfast_Sausages,0,5,10,0.4,-0.2886751345948128,0.0,0.3333333333333333
Breakfast_Sausages,0,5,10,0.4,-0.2886751345948128,0.3333333333333333,1.0
Breakfast_Sausages,0,5,10,0.4,-0.1581138830084189,0.0,0.0
Breakfast_Sausages,0,5,10,0.4,-0.1581138830084189,0.0,0.0
Breakfast_Sausages,0,5,10,0.45,-0.3077935056255462,0.0,1.0
Breakfast_Sausages,0,5,10,0.45,-0.2236067977499789,0.0,0.6666666666666666
Breakfast_Sausages,0,5,10,0.45,-0.2236067977499789,0.0,0.6666666666666666
Breakfast_Sausages,0,5,10,0.45,-0.0512989176042577,0.5,1.0
Breakfast_Sausages,0,5,10,0.5,-0.1054092553389459,0.0,0.0
Breakfast_Sausages,0,5,10,0.5,0.0,0.0,0.5
Breakfast_Sausages,0,5,10,0.5,0.0,0.25,0.75
Breakfast_Sausages,0,5,10,0.5,0.0,0.25,0.75
Breakfast_Sausages,0,5,10,0.5,0.0,0.25,0.75
Breakfast_Sausages,0,5,10,0.5,0.0,0.5,1.0
Breakfast_Sausages,0,5,10,0.5,0.1054092553389459,0.0,0.5
Breakfast_Sausages,0,5,10,0.5,,0.2,0.6
Breakfast_Sausages,0,5,10,0.5,,0.2,0.6
Breakfast_Sausages,0,5,10,0.55,0.1538967528127731,0.5,1.0
Breakfast_Sausages,0,5,10,0.55,0.2051956704170308,1.0,1.0
Breakfast_Sausages,0,5,10,0.55,0.2236067977499789,0.0,0.6666666666666666
Breakfast_Sausages,0,5,10,0.55,0.2236067977499789,0.0,0.6666666666666666
Breakfast_Sausages,0,5,10,0.55,0.2236067977499789,0.3333333333333333,1.0
Breakfast_Sausages,0,5,10,0.6,0.1581138830084189,0.0,0.0
Breakfast_Sausages,0,5,10,0.6,0.1581138830084189,0.0,0.0
Breakfast_Sausages,0,5,10,0.6,0.2635231383473649,0.0,1.0
Breakfast_Sausages,0,5,10,0.6,0.2635231383473649,0.5,1.0
Breakfast_Sausages,0,5,10,0.6,0.2886751345948128,0.0,0.3333333333333333
Breakfast_Sausages,0,5,10,0.6,0.2886751345948128,0.3333333333333333,1.0
Breakfast_Sausages,0,5,10,0.6,0.2886751345948128,0.3333333333333333,1.0
Breakfast_Sausages,0,5,10,0.6,0.3162277660168379,0.0,0.5
Breakfast_Sausages,0,5,10,0.6,0.3162277660168379,0.0,0.5
Breakfast_Sausages,0,5,10,0.6,0.3162277660168379,0.5,1.0
Breakfast_Sausages,0,5,10,0.6,0.3535533905932737,0.0,0.5
Breakfast_Sausages,0,5,10,0.6,0.3689323936863109,0.0,1.0
Breakfast_Sausages,0,5,10,0.65,0.3077935056255462,0.0,1.0
Breakfast_Sausages,0,5,10,0.65,0.3590924232298039,1.0,1.0
Breakfast_Sausages,0,5,10,0.65,0.4103913408340616,0.0,1.0
Breakfast_Sausages,0,5,10,0.65,0.4472135954999578,0.0,0.6666666666666666
Breakfast_Sausages,0,5,10,0.65,0.4472135954999578,0.3333333333333333,1.0
Breakfast_Sausages,0,5,10,0.65,0.4472135954999578,1.0,1.0
Breakfast_Sausages,0,5,10,0.7,0.5270462766947299,0.5,1.0
Breakfast_Sausages,0,5,10,0.7,0.5773502691896257,0.3333333333333333,1.0
Breakfast_Sausages,0,5,10,0.7,0.6324555320336759,0.5,1.0
Breakfast_Sausages,0,5,10,0.7,0.7071067811865475,0.25,0.75
Breakfast_Sausages,0,5,10,0.7,0.7071067811865475,0.25,0.75
Breakfast_Sausages,0,5,10,0.7,0.7071067811865475,0.25,0.75
Breakfast_Sausages,0,5,10,0.7,0.7071067811865475,0.25,0.75
Breakfast_Sausages,0,5,10,0.7,0.7071067811865475,1.0,1.0
Breakfast_Sausages,0,5,10,0.7,0.7071067811865475,1.0,1.0
Breakfast_Sausages,0,5,10,0.7,0.7071067811865475,1.0,1.0
Breakfast_Sausages,0,5,10,0.75,0.6668859288553501,1.0,1.0
Breakfast_Sausages,0,5,10,0.75,0.6708203932499368,0.3333333333333333,1.0
Breakfast_Sausages,0,5,10,0.75,0.7826237921249264,0.0,1.0
Breakfast_Sausages,0,5,10,0.75,0.7826237921249264,0.0,1.0
Breakfast_Sausages,0,5,10,0.8,0.7378647873726218,1.0,1.0
Breakfast_Sausages,0,5,10,0.8,0.7905694150420948,0.5,1.0
Breakfast_Sausages,0,5,10,0.8,0.8660254037844386,0.5,1.0
Breakfast_Sausages,0,5,10,0.85,0.8720815992723809,0.0,1.0
Breakfast_Sausages,0,5,10,0.85,0.8944271909999157,1.0,1.0
Breakfast_Sausages,0,5,10,0.95,0.9746794344808964,1.0,1.0
Breakfast_Sausages,1,5,10,0.2,-0.8660254037844386,0.0,0.3333333333333333
Breakfast_Sausages,1,5,10,0.2,-0.7905694150420948,0.0,0.0
Breakfast_Sausages,1,5,10,0.25,-0.6708203932499368,0.0,0.6666666666666666
Breakfast_Sausages,1,5,10,0.3,-0.5270462766947299,0.0,0.0
Breakfast_Sausages,1,5,10,0.35,-0.4616902584383193,0.0,0.5
Breakfast_Sausages,1,5,10,0.35,-0.3590924232298039,0.0,1.0
Breakfast_Sausages,1,5,10,0.4,-0.2886751345948128,0.0,0.0
Breakfast_Sausages,1,5,10,0.45,-0.3077935056255462,0.0,0.5
Breakfast_Sausages,1,5,10,0.45,-0.2236067977499789,0.0,0.6666666666666666
Breakfast_Sausages,1,5,10,0.45,-0.2236067977499789,0.0,1.0
Breakfast_Sausages,1,5,10,0.45,-0.1538967528127731,0.0,1.0
Breakfast_Sausages,1,5,10,0.5,-0.1054092553389459,0.0,0.0
Breakfast_Sausages,1,5,10,0.5,-0.0527046276694729,0.0,0.0
Breakfast_Sausages,1,5,10,0.5,0.0,0.0,1.0
Breakfast_Sausages,1,5,10,0.5,0.0,0.5,1.0
Breakfast_Sausages,1,5,10,0.5,0.0,0.5,1.0
Breakfast_Sausages,1,5,10,0.5,0.0,0.5,1.0
Breakfast_Sausages,1,5,10,0.5,,0.2,0.6
Breakfast_Sausages,1,5,10,0.55,0.0512989176042577,0.0,1.0
Breakfast_Sausages,1,5,10,0.55,0.1118033988749894,0.0,1.0
Breakfast_Sausages,1,5,10,0.55,0.2051956704170308,0.0,0.0
Breakfast_Sausages,1,5,10,0.55,0.2236067977499789,0.0,0.6666666666666666
Breakfast_Sausages,1,5,10,0.55,0.2236067977499789,0.0,0.6666666666666666
Breakfast_Sausages,1,5,10,0.55,0.2236067977499789,1.0,1.0
Breakfast_Sausages,1,5,10,0.6,0.1581138830084189,0.0,0.0
Breakfast_Sausages,1,5,10,0.6,0.1581138830084189,0.5,1.0
Breakfast_Sausages,1,5,10,0.6,0.3162277660168379,0.0,0.5
Breakfast_Sausages,1,5,10,0.6,0.3162277660168379,0.5,1.0
Breakfast_Sausages,1,5,10,0.65,0.3354101966249684,0.0,0.3333333333333333
Breakfast_Sausages,1,5,10,0.65,0.3354101966249684,0.3333333333333333,1.0
Breakfast_Sausages,1,5,10,0.65,0.3590924232298039,1.0,1.0
Breakfast_Sausages,1,5,10,0.65,0.3590924232298039,1.0,1.0
Breakfast_Sausages,1,5,10,0.65,0.4472135954999578,0.0,0.6666666666666666
Breakfast_Sausages,1,5,10,0.65,0.4472135954999578,0.3333333333333333,1.0
Breakfast_Sausages,1,5,10,0.65,0.4472135954999578,1.0,1.0
Breakfast_Sausages,1,5,10,0.65,0.4616902584383193,0.5,1.0
Breakfast_Sausages,1,5,10,0.7,0.4999999999999999,0.0,1.0
Breakfast_Sausages,1,5,10,0.7,0.5773502691896257,0.3333333333333333,1.0
Breakfast_Sausages,1,5,10,0.7,0.5773502691896257,0.5,1.0
Breakfast_Sausages,1,5,10,0.7,0.6324555320336759,0.0,1.0
Breakfast_Sausages,1,5,10,0.7,0.7071067811865475,0.25,0.75
Breakfast_Sausages,1,5,10,0.75,0.6155870112510925,0.0,1.0
Breakfast_Sausages,1,5,10,0.75,0.6155870112510925,1.0,1.0
Breakfast_Sausages,1,5,10,0.75,0.6668859288553501,1.0,1.0
Breakfast_Sausages,1,5,10,0.75,0.7826237921249264,0.0,1.0
Breakfast_Sausages,1,5,10,0.75,0.7826237921249264,0.0,1.0
Breakfast_Sausages,1,5,10,0.8,0.7905694150420948,0.0,1.0
Breakfast_Sausages,1,5,10,0.8,0.8660254037844386,0.3333333333333333,1.0
Breakfast_Sausages,1,5,10,0.8,0.8660254037844386,0.5,1.0
Breakfast_Sausages,1,5,10,0.85,0.8207826816681233,1.0,1.0
Breakfast_Sausages,1,5,10,0.85,0.8720815992723809,1.0,1.0
Breakfast_Sausages,1,5,10,0.95,0.9746794344808964,1.0,1.0
Burgers,0,5,10,0.1,-0.9486832980505138,0.0,0.0
Burgers,0,5,10,0.1,-0.8999999999999998,0.0,0.0
Burgers,0,5,10,0.15,-0.8944271909999157,0.0,0.3333333333333333
Burgers,0,5,10,0.15,-0.8207826816681233,0.0,0.0
Burgers,0,5,10,0.25,-0.7826237921249264,0.0,0.3333333333333333
Burgers,0,5,10,0.25,-0.7181848464596079,0.0,0.5
Burgers,0,5,10,0.25,-0.6668859288553501,0.0,0.5
Burgers,0,5,10,0.25,-0.5642880936468347,0.0,1.0
Burgers,0,5,10,0.3,-0.7071067811865475,0.0,0.5
Burgers,0,5,10,0.3,-0.6324555320336759,0.0,0.0
Burgers,0,5,10,0.3,-0.5797509043642028,0.0,0.0
Burgers,0,5,10,0.3,-0.4999999999999999,0.0,0.0
Burgers,0,5,10,0.35,-0.4616902584383193,0.0,0.0
Burgers,0,5,10,0.35,-0.3590924232298039,0.0,0.0
Burgers,0,5,10,0.35,-0.3590924232298039,0.0,0.0
Burgers,0,5,10,0.4,-0.3535533905932737,0.0,0.5
Burgers,0,5,10,0.4,-0.3535533905932737,0.25,0.75
Burgers,0,5,10,0.4,-0.3535533905932737,0.25,0.75
Burgers,0,5,10,0.4,-0.3162277660168379,0.0,0.0
Burgers,0,5,10,0.4,-0.3162277660168379,0.0,0.0
Burgers,0,5,10,0.4,-0.2886751345948128,0.0,0.0
Burgers,0,5,10,0.4,-0.2886751345948128,0.0,0.3333333333333333
Burgers,0,5,10,0.4,-0.2886751345948128,0.0,0.3333333333333333
Burgers,0,5,10,0.45,-0.2236067977499789,0.0,0.0
Burgers,0,5,10,0.45,-0.2051956704170308,0.0,0.0
Burgers,0,5,10,0.45,-0.2051956704170308,0.0,0.0
Burgers,0,5,10,0.45,-0.1118033988749894,0.0,0.3333333333333333
Burgers,0,5,10,0.45,-0.1025978352085154,0.5,1.0
Burgers,0,5,10,0.45,-0.0512989176042577,0.0,0.0
Burgers,0,5,10,0.45,-0.0512989176042577,0.0,1.0
Burgers,0,5,10,0.45,0.0512989176042577,0.0,0.0
Burgers,0,5,10,0.45,0.0512989176042577,1.0,1.0
Burgers,0,5,10,0.5,-0.0999999999999999,0.0,1.0
Burgers,0,5,10,0.5,-0.0527046276694729,0.0,0.5
Burgers,0,5,10,0.5,0.0,0.0,0.0
Burgers,0,5,10,0.5,0.0,0.0,0.3333333333333333
Burgers,0,5,10,0.5,0.0,0.0,0.3333333333333333
Burgers,0,5,10,0.5,0.0,0.0,0.5
Burgers,0,5,10,0.5,0.0,0.0,0.5
Burgers,0,5,10,0.5,0.0,0.0,0.5
Burgers,0,5,10,0.5,0.0,0.3333333333333333,1.0
Burgers,0,5,10,0.5,0.0527046276694729,0.5,1.0
Burgers,0,5,10,0.5,0.1054092553389459,1.0,1.0
Burgers,0,5,10,0.5,,0.2,0.6
Burgers,0,5,10,0.5,,0.2,0.6
Burgers,0,5,10,0.55,0.1118033988749894,0.3333333333333333,1.0
Burgers,0,5,10,0.55,0.1538967528127731,0.0,1.0
Burgers,0,5,10,0.55,0.1538967528127731,0.0,1.0
Burgers,0,5,10,0.55,0.2051956704170308,0.0,0.5
Burgers,0,5,10,0.55,0.2236067977499789,0.0,0.6666666666666666
Burgers,0,5,10,0.55,0.2236067977499789,0.3333333333333333,1.0
Burgers,0,5,10,0.55,0.2236067977499789,1.0,1.0
Burgers,0,5,10,0.55,0.2236067977499789,1.0,1.0
Burgers,0,5,10,0.6,0.1581138830084189,0.0,0.0
Burgers,0,5,10,0.6,0.1581138830084189,0.5,1.0
Burgers,0,5,10,0.6,0.2635231383473649,0.0,1.0
Burgers,0,5,10,0.6,0.2886751345948128,0.0,0.3333333333333333
Burgers,0,5,10,0.6,0.2886751345948128,0.0,0.3333333333333333
Burgers,0,5,10,0.6,0.2886751345948128,0.3333333333333333,1.0
Burgers,0,5,10,0.6,0.2886751345948128,0.5,1.0
Burgers,0,5,10,0.6,0.3162277660168379,0.5,1.0
Burgers,0,5,10,0.6,0.3535533905932737,0.0,0.5
Burgers,0,5,10,0.65,0.2051956704170308,0.0,0.0
Burgers,0,5,10,0.65,0.3354101966249684,0.0,0.3333333333333333
Burgers,0,5,10,0.65,0.3354101966249684,0.3333333333333333,1.0
Burgers,0,5,10,0.65,0.4103913408340616,0.0,0.5
Burgers,0,5,10,0.65,0.4103913408340616,0.0,0.5
Burgers,0,5,10,0.65,0.4103913408340616,0.5,1.0
Burgers,0,5,10,0.65,0.4472135954999578,1.0,1.0
Burgers,0,5,10,0.65,0.4472135954999578,1.0,1.0
Burgers,0,5,10,0.65,0.4616902584383193,0.0,0.5
Burgers,0,5,10,0.65,0.4616902584383193,0.0,1.0
Burgers,0,5,10,0.65,0.4616902584383193,0.0,1.0
Burgers,0,5,10,0.65,0.4616902584383193,1.0,1.0
Burgers,0,5,10,0.65,0.4616902584383193,1.0,1.0
Burgers,0,5,10,0.7,0.5270462766947299,1.0,1.0
Burgers,0,5,10,0.7,0.5773502691896257,0.5,1.0
Burgers,0,5,10,0.7,0.6,0.0,1.0
Burgers,0,5,10,0.7,0.6324555320336759,0.0,1.0
Burgers,0,5,10,0.7,0.7071067811865475,0.25,0.75
Burgers,0,5,10,0.7,0.7071067811865475,0.25,0.75
Burgers,0,5,10,0.7,0.7071067811865475,0.25,0.75
Burgers,0,5,10,0.7,0.7071067811865475,0.25,0.75
Burgers,0,5,10,0.7,0.7071067811865475,0.25,0.75
Burgers,0,5,10,0.75,0.6155870112510925,0.5,1.0
Burgers,0,5,10,0.75,0.6668859288553501,0.0,1.0
Burgers,0,5,10,0.75,0.6668859288553501,0.0,1.0
Burgers,0,5,10,0.75,0.6668859288553501,0.0,1.0
Burgers,0,5,10,0.75,0.6668859288553501,0.5,1.0
Burgers,0,5,10,0.75,0.6668859288553501,1.0,1.0
Burgers,0,5,10,0.75,0.6668859288553501,1.0,1.0
Burgers,0,5,10,0.75,0.6668859288553501,1.0,1.0
Burgers,0,5,10,0.75,0.6668859288553501,1.0,1.0
Burgers,0,5,10,0.75,0.6708203932499368,0.0,0.6666666666666666
Burgers,0,5,10,0.75,0.7181848464596079,0.0,1.0
Burgers,0,5,10,0.75,0.7826237921249264,0.0,1.0
Burgers,0,5,10,0.8,0.7378647873726218,1.0,1.0
Burgers,0,5,10,0.8,0.7378647873726218,1.0,1.0
Burgers,0,5,10,0.8,0.8660254037844386,0.5,1.0
Burgers,0,5,10,0.85,0.8207826816681233,0.0,1.0
Burgers,0,5,10,0.85,0.8207826816681233,1.0,1.0
Burgers,0,5,10,0.85,0.8207826816681233,1.0,1.0
Burgers,0,5,10,0.85,0.8720815992723809,1.0,1.0
Burgers,0,5,10,0.85,0.8944271909999157,0.3333333333333333,1.0
Burgers,0,5,10,0.85,0.8944271909999157,0.3333333333333333,1.0
Burgers,0,5,10,0.85,0.8944271909999157,1.0,1.0
Burgers,0,5,10,0.85,0.8944271909999157,1.0,1.0
Burgers,0,5,10,0.85,0.8944271909999157,1.0,1.0
Burgers,0,5,10,0.9,0.9486832980505138,1.0,1.0
Burgers,0,5,10,0.95,0.9746794344808964,0.5,1.0
Burgers,0,5,10,0.95,0.9746794344808964,1.0,1.0
Burgers,0,5,10,0.95,0.9746794344808964,1.0,1.0
Burgers,0,5,10,0.95,0.9746794344808964,1.0,1.0
Burgers,1,5,10,0.25,-0.6708203932499368,0.0,0.3333333333333333
Burgers,1,5,10,0.3,-0.6324555320336759,0.0,0.0
Burgers,1,5,10,0.3,-0.4743416490252569,0.0,0.0
Burgers,1,5,10,0.35,-0.4472135954999578,0.0,0.3333333333333333
Burgers,1,5,10,0.35,-0.3077935056255462,0.0,0.0
Burgers,1,5,10,0.4,-0.2886751345948128,0.0,0.0
Burgers,1,5,10,0.45,-0.2236067977499789,0.0,0.6666666666666666
Burgers,1,5,10,0.45,-0.2236067977499789,0.0,0.6666666666666666
Burgers,1,5,10,0.45,-0.2236067977499789,0.0,1.0
Burgers,1,5,10,0.45,0.0512989176042577,0.0,0.5
Burgers,1,5,10,0.5,0.0,0.0,0.0
Burgers,1,5,10,0.5,0.0,0.0,0.3333333333333333
Burgers,1,5,10,0.5,0.0,0.0,0.5
Burgers,1,5,10,0.5,0.0,0.0,0.5
Burgers,1,5,10,0.5,0.0,0.0,0.5
Burgers,1,5,10,0.5,0.0,0.3333333333333333,1.0
Burgers,1,5,10,0.5,0.0,0.5,1.0
Burgers,1,5,10,0.5,,0.2,0.6
Burgers,1,5,10,0.55,-0.0512989176042577,0.0,1.0
Burgers,1,5,10,0.55,0.2051956704170308,0.0,0.5
Burgers,1,5,10,0.55,0.2051956704170308,0.0,1.0
Burgers,1,5,10,0.55,0.2236067977499789,0.0,0.3333333333333333
Burgers,1,5,10,0.55,0.2236067977499789,0.0,0.6666666666666666
Burgers,1,5,10,0.6,0.1581138830084189,0.0,0.0
Burgers,1,5,10,0.6,0.2108185106778919,0.0,1.0
Burgers,1,5,10,0.6,0.2886751345948128,0.5,1.0
Burgers,1,5,10,0.6,0.2886751345948128,0.5,1.0
Burgers,1,5,10,0.6,0.3,1.0,1.0
Burgers,1,5,10,0.6,0.3162277660168379,0.0,0.5
Burgers,1,5,10,0.6,0.3535533905932737,0.0,0.5
Burgers,1,5,10,0.65,0.3077935056255462,0.0,1.0
Burgers,1,5,10,0.65,0.3354101966249684,0.3333333333333333,1.0
Burgers,1,5,10,0.65,0.4103913408340616,0.0,1.0
Burgers,1,5,10,0.65,0.4103913408340616,0.0,1.0
Burgers,1,5,10,0.65,0.4103913408340616,1.0,1.0
Burgers,1,5,10,0.65,0.4472135954999578,0.0,0.6666666666666666
Burgers,1,5,10,0.65,0.4472135954999578,0.0,0.6666666666666666
Burgers,1,5,10,0.65,0.4472135954999578,1.0,1.0
Burgers,1,5,10,0.65,0.4616902584383193,0.0,1.0
Burgers,1,5,10,0.65,0.4616902584383193,0.0,1.0
Burgers,1,5,10,0.65,0.5642880936468347,0.0,1.0
Burgers,1,5,10,0.7,0.7071067811865475,1.0,1.0
Burgers,1,5,10,0.7,0.7071067811865475,1.0,1.0
Burgers,1,5,10,0.75,0.5642880936468347,0.0,0.5
Burgers,1,5,10,0.75,0.6155870112510925,1.0,1.0
Burgers,1,5,10,0.75,0.6668859288553501,1.0,1.0
Burgers,1,5,10,0.75,0.6708203932499368,0.0,0.6666666666666666
Burgers,1,5,10,0.75,0.6708203932499368,0.0,0.6666666666666666
Burgers,1,5,10,0.75,0.6708203932499368,0.3333333333333333,1.0
Burgers,1,5,10,0.75,0.6708203932499368,1.0,1.0
Burgers,1,5,10,0.75,0.6708203932499368,1.0,1.0
Burgers,1,5,10,0.75,0.6708203932499368,1.0,1.0
Burgers,1,5,10,0.75,0.7181848464596079,0.5,1.0
Burgers,1,5,10,0.8,0.7378647873726218,0.5,1.0
Burgers,1,5,10,0.8,0.7378647873726218,1.0,1.0
Burgers,1,5,10,0.8,0.7378647873726218,1.0,1.0
Burgers,1,5,10,0.8,0.7905694150420948,0.0,1.0
Burgers,1,5,10,0.8,0.7905694150420948,0.0,1.0
Burgers,1,5,10,0.8,0.7905694150420948,0.0,1.0
Burgers,1,5,10,0.8,0.7905694150420948,0.5,1.0
Burgers,1,5,10,0.8,0.8660254037844386,0.3333333333333333,1.0
Burgers,1,5,10,0.8,0.8660254037844386,0.3333333333333333,1.0
Burgers,1,5,10,0.8,0.8660254037844386,0.5,1.0
Burgers,1,5,10,0.85,0.8207826816681233,0.0,1.0
Burgers,1,5,10,0.85,0.8207826816681233,1.0,1.0
Burgers,1,5,10,0.85,0.8207826816681233,1.0,1.0
Burgers,1,5,10,0.85,0.8207826816681233,1.0,1.0
Burgers,1,5,10,0.85,0.8207826816681233,1.0,1.0
Burgers,1,5,10,0.85,0.8720815992723809,0.0,1.0
Burgers,1,5,10,0.85,0.8720815992723809,0.0,1.0
Burgers,1,5,10,0.85,0.8720815992723809,0.0,1.0
Burgers,1,5,10,0.85,0.8720815992723809,0.0,1.0
Burgers,1,5,10,0.85,0.8944271909999157,0.3333333333333333,1.0
Burgers,1,5,10,0.85,0.8944271909999157,1.0,1.0
Burgers,1,5,10,0.85,0.8944271909999157,1.0,1.0
Burgers,1,5,10,0.85,0.8944271909999157,1.0,1.0
Burgers,1,5,10,0.85,0.8944271909999157,1.0,1.0
Burgers,1,5,10,0.85,0.8944271909999157,1.0,1.0
Burgers,1,5,10,0.9,0.9486832980505138,0.5,1.0
Burgers,1,5,10,0.9,0.9486832980505138,0.5,1.0
Burgers,1,5,10,0.9,0.9486832980505138,1.0,1.0
Burgers,1,5,10,0.9,0.9486832980505138,1.0,1.0
Burgers,1,5,10,0.9,0.9486832980505138,1.0,1.0
Burgers,1,5,10,0.95,0.9746794344808964,1.0,1.0
Burgers,1,5,10,0.95,0.9746794344808964,1.0,1.0
Burgers,1,5,10,0.95,0.9746794344808964,1.0,1.0
Burgers,1,5,10,0.95,0.9746794344808964,1.0,1.0
Burgers,1,5,10,0.95,0.9746794344808964,1.0,1.0
Butter,0,5,10,0.1,-0.8999999999999998,0.0,0.0
Butter,0,5,10,0.2,-0.7631578947368421,0.0,0.5
Butter,0,5,10,0.3,-0.6324555320336759,0.0,0.5
Butter,0,5,10,0.3,-0.5773502691896257,0.0,0.0
Butter,0,5,10,0.35,-0.5642880936468347,0.0,0.0
Butter,0,5,10,0.35,-0.5441071875825088,0.25,0.75
Butter,0,5,10,0.35,-0.4442616583193193,0.3333333333333333,1.0
Butter,0,5,10,0.4,-0.3,0.0,0.0
Butter,0,5,10,0.4,-0.2635231383473649,0.0,0.5
Butter,0,5,10,0.45,-0.2236067977499789,0.0,0.0
Butter,0,5,10,0.45,-0.2236067977499789,0.0,0.6666666666666666
Butter,0,5,10,0.45,-0.2051956704170308,0.0,0.0
Butter,0,5,10,0.45,-0.1538967528127731,0.0,0.0
Butter,0,5,10,0.45,-0.1480872194397731,0.3333333333333333,1.0
Butter,0,5,10,0.45,-0.1118033988749894,0.0,0.3333333333333333
Butter,0,5,10,0.45,-0.0512989176042577,0.0,0.0
Butter,0,5,10,0.45,0.0512989176042577,0.0,0.0
Butter,0,5,10,0.5,-0.1054092553389459,0.0,1.0
Butter,0,5,10,0.5,-0.1054092553389459,0.0,1.0
Butter,0,5,10,0.5,-0.0999999999999999,0.0,0.0
Butter,0,5,10,0.5,0.0,0.0,0.5
Butter,0,5,10,0.5,0.0,0.0,0.5
Butter,0,5,10,0.5,0.0,0.0,0.5
Butter,0,5,10,0.5,0.1054092553389459,0.0,0.5
Butter,0,5,10,0.5,,0.2,0.6
Butter,0,5,10,0.5,,0.2,0.6
Butter,0,5,10,0.55,0.1025978352085154,0.0,0.5
Butter,0,5,10,0.55,0.108147614087175,0.5,1.0
Butter,0,5,10,0.55,0.2236067977499789,0.0,0.0
Butter,0,5,10,0.55,0.2236067977499789,0.0,0.3333333333333333
Butter,0,5,10,0.55,0.2236067977499789,0.3333333333333333,1.0
Butter,0,5,10,0.6,0.1581138830084189,0.0,0.0
Butter,0,5,10,0.6,0.2886751345948128,0.0,0.3333333333333333
Butter,0,5,10,0.6,0.2886751345948128,0.0,0.3333333333333333
Butter,0,5,10,0.6,0.3,0.0,1.0
Butter,0,5,10,0.6,0.3162277660168379,0.0,0.5
Butter,0,5,10,0.6,0.3162277660168379,0.0,0.5
Butter,0,5,10,0.6,0.3441236008058426,1.0,1.0
Butter,0,5,10,0.6,0.3441236008058426,1.0,1.0
Butter,0,5,10,0.6,0.3535533905932737,0.0,0.5
Butter,0,5,10,0.6,0.3535533905932737,0.25,0.75
Butter,0,5,10,0.6,0.3689323936863109,0.0,0.5
Butter,0,5,10,0.6,0.3689323936863109,0.0,1.0
Butter,0,5,10,0.65,0.3354101966249684,0.0,0.3333333333333333
Butter,0,5,10,0.65,0.3590924232298039,0.0,0.0
Butter,0,5,10,0.65,0.3590924232298039,0.0,0.0
Butter,0,5,10,0.65,0.4103913408340616,0.0,0.5
Butter,0,5,10,0.65,0.4103913408340616,0.0,0.5
Butter,0,5,10,0.65,0.4103913408340616,0.0,0.5
Butter,0,5,10,0.65,0.4472135954999578,0.0,0.6666666666666666
Butter,0,5,10,0.65,0.4616902584383193,0.0,0.5
Butter,0,5,10,0.65,0.4616902584383193,0.0,1.0
Butter,0,5,10,0.65,0.5642880936468347,0.0,1.0
Butter,0,5,10,0.65,0.5642880936468347,0.5,1.0
Butter,0,5,10,0.7,0.5000000000000001,0.5,1.0
Butter,0,5,10,0.7,0.5000000000000001,0.5,1.0
Butter,0,5,10,0.7,0.5000000000000001,0.5,1.0
Butter,0,5,10,0.7,0.5000000000000001,0.5,1.0
Butter,0,5,10,0.7,0.5270462766947299,0.0,0.5
Butter,0,5,10,0.7,0.5270462766947299,0.0,0.5
Butter,0,5,10,0.7,0.5270462766947299,0.0,0.5
Butter,0,5,10,0.7,0.5526315789473686,0.0,1.0
Butter,0,5,10,0.7,0.5526315789473686,0.0,1.0
Butter,0,5,10,0.7,0.5735393346764044,1.0,1.0
Butter,0,5,10,0.7,0.5797509043642028,0.0,1.0
Butter,0,5,10,0.7,0.6,0.0,1.0
Butter,0,5,10,0.7,0.6315789473684211,1.0,1.0
Butter,0,5,10,0.7,0.6324555320336759,0.0,1.0
Butter,0,5,10,0.75,0.6668859288553501,0.0,1.0
Butter,0,5,10,0.75,0.6668859288553501,0.0,1.0
Butter,0,5,10,0.75,0.6668859288553501,0.0,1.0
Butter,0,5,10,0.75,0.6668859288553503,1.0,1.0
Butter,0,5,10,0.75,0.6708203932499368,0.0,0.6666666666666666
Butter,0,5,10,0.75,0.6708203932499368,0.3333333333333333,1.0
Butter,0,5,10,0.75,0.675922588044844,1.0,1.0
Butter,0,5,10,0.75,0.675922588044844,1.0,1.0
Butter,0,5,10,0.75,0.7181848464596079,0.0,1.0
Butter,0,5,10,0.75,0.7181848464596079,0.0,1.0
Butter,0,5,10,0.75,0.7299963950884315,0.5,1.0
Butter,0,5,10,0.75,0.7299963950884315,0.5,1.0
Butter,0,5,10,0.75,0.7826237921249264,0.0,1.0
Butter,0,5,10,0.75,0.7826237921249264,0.0,1.0
Butter,0,5,10,0.75,0.7826237921249264,0.3333333333333333,1.0
Butter,0,5,10,0.75,0.7826237921249264,0.3333333333333333,1.0
Butter,0,5,10,0.75,0.7826237921249264,0.3333333333333333,1.0
Butter,0,5,10,0.8,0.7631578947368421,0.5,1.0
Butter,0,5,10,0.8,0.7905694150420948,0.0,1.0
Butter,0,5,10,0.8,0.8029550685469662,1.0,1.0
Butter,0,5,10,0.8,0.8660254037844386,0.3333333333333333,1.0
Butter,0,5,10,0.8,0.8660254037844386,0.3333333333333333,1.0
Butter,0,5,10,0.8,0.8660254037844386,0.3333333333333333,1.0
Butter,0,5,10,0.8,0.8660254037844386,0.5,1.0
Butter,0,5,10,0.8,0.8660254037844386,0.5,1.0
Butter,0,5,10,0.85,0.8207826816681233,0.0,1.0
Butter,0,5,10,0.85,0.8207826816681233,0.0,1.0
Butter,0,5,10,0.85,0.8720815992723809,0.0,1.0
Butter,0,5,10,0.85,0.8720815992723809,0.5,1.0
Butter,0,5,10,0.85,0.8720815992723809,1.0,1.0
Butter,0,5,10,0.85,0.892217816219194,1.0,1.0
Butter,0,5,10,0.9,0.9486832980505138,0.5,1.0
Butter,0,5,10,0.9,0.9486832980505138,0.5,1.0
Butter,0,5,10,0.9,0.9486832980505138,0.5,1.0
Butter,1,5,10,0.05,-0.9746794344808964,0.0,0.0
Butter,1,5,10,0.05,-0.9746794344808964,0.0,0.0
Butter,1,5,10,0.3,-0.7071067811865475,0.0,0.5
Butter,1,5,10,0.3,-0.7071067811865475,0.0,0.5
Butter,1,5,10,0.3,-0.6324555320336759,0.0,0.0
Butter,1,5,10,0.3,-0.6324555320336759,0.0,0.0
Butter,1,5,10,0.3,-0.5797509043642028,0.0,0.5
Butter,1,5,10,0.3,-0.5270462766947299,0.0,0.0
Butter,1,5,10,0.35,-0.5642880936468347,0.0,0.0
Butter,1,5,10,0.35,-0.4616902584383193,0.0,0.5
Butter,1,5,10,0.35,-0.3590924232298039,0.0,0.5
Butter,1,5,10,0.35,-0.3354101966249684,0.3333333333333333,1.0
Butter,1,5,10,0.4,-0.3535533905932737,0.0,0.5
Butter,1,5,10,0.4,-0.3162277660168379,0.0,0.0
Butter,1,5,10,0.4,-0.2886751345948128,0.0,0.3333333333333333
Butter,1,5,10,0.4,-0.2108185106778919,0.0,0.0
Butter,1,5,10,0.4,-0.2108185106778919,0.0,0.0
Butter,1,5,10,0.4,-0.2108185106778919,0.0,0.5
Butter,1,5,10,0.4,-0.1581138830084189,0.5,1.0
Butter,1,5,10,0.45,-0.3077935056255462,0.0,1.0
Butter,1,5,10,0.45,-0.2051956704170308,0.0,0.0
Butter,1,5,10,0.45,-0.2051956704170308,0.0,1.0
Butter,1,5,10,0.45,-0.1538967528127731,0.0,0.0
Butter,1,5,10,0.45,-0.1538967528127731,0.0,0.5
Butter,1,5,10,0.45,-0.1538967528127731,0.0,1.0
Butter,1,5,10,0.45,-0.1538967528127731,0.0,1.0
Butter,1,5,10,0.45,-0.0512989176042577,0.0,0.5
Butter,1,5,10,0.45,0.0512989176042577,0.0,0.5
Butter,1,5,10,0.45,0.0512989176042577,0.0,0.5
Butter,1,5,10,0.5,-0.0527046276694729,0.0,0.5
Butter,1,5,10,0.5,-0.0527046276694729,0.0,0.5
Butter,1,5,10,0.5,0.0,0.25,0.75
Butter,1,5,10,0.5,,0.2,0.6
Butter,1,5,10,0.55,-0.0512989176042577,0.0,0.0
Butter,1,5,10,0.55,-0.0512989176042577,0.0,1.0
Butter,1,5,10,0.55,0.1025978352085154,0.0,0.0
Butter,1,5,10,0.55,0.1025978352085154,0.5,1.0
Butter,1,5,10,0.55,0.1118033988749894,0.3333333333333333,1.0
Butter,1,5,10,0.55,0.1351845176089688,0.0,0.0
Butter,1,5,10,0.55,0.2051956704170308,1.0,1.0
Butter,1,5,10,0.55,0.2236067977499789,0.0,0.0
Butter,1,5,10,0.55,0.2236067977499789,1.0,1.0
Butter,1,5,10,0.6,0.1581138830084189,0.0,0.0
Butter,1,5,10,0.6,0.2108185106778919,0.0,1.0
Butter,1,5,10,0.6,0.2635231383473649,0.5,1.0
Butter,1,5,10,0.6,0.2886751345948128,0.5,1.0
Butter,1,5,10,0.6,0.3162277660168379,0.0,1.0
Butter,1,5,10,0.6,0.3162277660168379,0.5,1.0
Butter,1,5,10,0.6,0.3689323936863109,0.0,0.5
Butter,1,5,10,0.6,0.3689323936863109,0.0,0.5
Butter,1,5,10,0.65,0.2051956704170308,0.0,0.0
Butter,1,5,10,0.65,0.3354101966249684,0.3333333333333333,1.0
Butter,1,5,10,0.65,0.4103913408340616,0.0,0.5
Butter,1,5,10,0.65,0.4472135954999578,0.0,0.6666666666666666
Butter,1,5,10,0.65,0.4472135954999578,0.0,1.0
Butter,1,5,10,0.65,0.4472135954999578,0.3333333333333333,1.0
Butter,1,5,10,0.65,0.4472135954999578,0.3333333333333333,1.0
Butter,1,5,10,0.65,0.4472135954999578,1.0,1.0
Butter,1,5,10,0.65,0.4616902584383193,0.5,1.0
Butter,1,5,10,0.65,0.5642880936468347,0.0,1.0
Butter,1,5,10,0.65,0.5642880936468347,0.0,1.0
Butter,1,5,10,0.7,0.4999999999999999,1.0,1.0
Butter,1,5,10,0.7,0.5270462766947299,0.0,0.5
Butter,1,5,10,0.7,0.5270462766947299,0.0,0.5
Butter,1,5,10,0.7,0.5270462766947299,0.0,0.5
Butter,1,5,10,0.7,0.5773502691896257,0.3333333333333333,1.0
Butter,1,5,10,0.7,0.5773502691896257,0.3333333333333333,1.0
Butter,1,5,10,0.7,0.5773502691896257,0.5,1.0
Butter,1,5,10,0.7,0.5773502691896257,0.5,1.0
Butter,1,5,10,0.7,0.5797509043642028,0.0,1.0
Butter,1,5,10,0.7,0.6,0.0,1.0
Butter,1,5,10,0.7,0.6324555320336759,0.0,1.0
Butter,1,5,10,0.7,0.6324555320336759,0.0,1.0
Butter,1,5,10,0.7,0.6324555320336759,0.5,1.0
Butter,1,5,10,0.7,0.7071067811865475,0.25,0.75
Butter,1,5,10,0.7,0.7071067811865475,0.25,0.75
Butter,1,5,10,0.75,0.6155870112510925,0.0,1.0
Butter,1,5,10,0.75,0.6668859288553501,0.0,1.0
Butter,1,5,10,0.75,0.6668859288553501,0.0,1.0
Butter,1,5,10,0.75,0.6668859288553501,1.0,1.0
Butter,1,5,10,0.75,0.6708203932499368,0.3333333333333333,1.0
Butter,1,5,10,0.75,0.7181848464596079,0.0,1.0
Butter,1,5,10,0.75,0.7181848464596079,0.0,1.0
Butter,1,5,10,0.75,0.7826237921249264,0.3333333333333333,1.0
Butter,1,5,10,0.8,0.7378647873726218,0.5,1.0
Butter,1,5,10,0.8,0.7894736842105264,0.0,1.0
Butter,1,5,10,0.8,0.7905694150420948,0.0,1.0
Butter,1,5,10,0.8,0.7999999999999999,0.0,1.0
Butter,1,5,10,0.8,0.7999999999999999,0.0,1.0
Butter,1,5,10,0.85,0.8207826816681233,1.0,1.0
Butter,1,5,10,0.85,0.8720815992723809,0.5,1.0
Butter,1,5,10,0.85,0.8720815992723809,0.5,1.0
Butter,1,5,10,0.85,0.8720815992723809,0.5,1.0
Butter,1,5,10,0.85,0.8720815992723809,1.0,1.0
Butter,1,5,10,0.85,0.8720815992723809,1.0,1.0
Butter,1,5,10,0.9,0.8999999999999998,0.0,1.0
Butter,1,5,10,0.9,0.8999999999999998,1.0,1.0
Butter,1,5,10,0.9,0.9486832980505138,0.5,1.0
Butter,1,5,10,0.9,0.9486832980505138,0.5,1.0
Butter,1,5,10,0.95,0.9746794344808964,0.5,1.0
Butter,1,5,10,0.95,0.9746794344808964,1.0,1.0
Cheddar_Cheese,0,3,3,0.0,-1.0,0.0,1.0
Cheddar_Cheese,0,3,3,0.0,-1.0,0.0,1.0
Cheddar_Cheese,0,3,3,0.0,-1.0,0.0,1.0
Cheddar_Cheese,0,3,3,0.0,-1.0,0.0,1.0
Cheddar_Cheese,0,3,3,0.0,-1.0,0.0,1.0
Cheddar_Cheese,0,3,3,0.1666666666666666,-0.8660254037844387,0.0,1.0
Cheddar_Cheese,0,3,3,0.1666666666666666,-0.8660254037844387,0.0,1.0
Cheddar_Cheese,0,3,3,0.1666666666666666,-0.8660254037844387,0.0,1.0
Cheddar_Cheese,0,3,3,0.1666666666666666,-0.8660254037844387,0.0,1.0
Cheddar_Cheese,0,3,3,0.1666666666666666,-0.8660254037844387,0.0,1.0
Cheddar_Cheese,0,3,3,0.1666666666666666,-0.8660254037844387,0.0,1.0
Cheddar_Cheese,0,3,3,0.1666666666666666,-0.8660254037844387,0.0,1.0
Cheddar_Cheese,0,3,3,0.1666666666666666,-0.8660254037844387,0.0,1.0
Cheddar_Cheese,0,3,3,0.1666666666666666,-0.8660254037844387,0.0,1.0
Cheddar_Cheese,0,3,3,0.1666666666666666,-0.8660254037844387,0.0,1.0
Cheddar_Cheese,0,3,3,0.3333333333333333,-0.5,0.0,1.0
Cheddar_Cheese,0,3,3,0.3333333333333333,-0.5,0.0,1.0
Cheddar_Cheese,0,3,3,0.3333333333333333,-0.5,0.0,1.0
Cheddar_Cheese,0,3,3,0.3333333333333333,-0.5,0.0,1.0
Cheddar_Cheese,0,3,3,0.3333333333333333,-0.5,0.0,1.0
Cheddar_Cheese,0,3,3,0.3333333333333333,-0.5,0.0,1.0
Cheddar_Cheese,0,3,3,0.3333333333333333,-0.5,0.0,1.0
Cheddar_Cheese,0,3,3,0.5,0.0,0.0,1.0
Cheddar_Cheese,0,3,3,0.5,0.0,0.0,1.0
Cheddar_Cheese,0,3,3,0.5,0.0,0.0,1.0
Cheddar_Cheese,0,3,3,0.5,0.0,0.0,1.0
Cheddar_Cheese,0,3,3,0.5,0.0,0.0,1.0
Cheddar_Cheese,0,3,3,0.5,0.0,0.0,1.0
Cheddar_Cheese,0,3,3,0.5,0.0,0.0,1.0
Cheddar_Cheese,0,3,3,0.5,0.0,0.0,1.0
Cheddar_Cheese,0,3,3,0.5,0.0,0.0,1.0
Cheddar_Cheese,0,3,3,0.5,0.0,0.0,1.0
Cheddar_Cheese,0,3,3,0.5,0.0,0.0,1.0
Cheddar_Cheese,0,3,3,0.5,0.0,0.0,1.0
Cheddar_Cheese,0,3,3,0.5,0.0,0.0,1.0
Cheddar_Cheese,0,3,3,0.5,0.0,0.0,1.0
Cheddar_Cheese,0,3,3,0.5,0.0,0.0,1.0
Cheddar_Cheese,0,3,3,0.5,0.0,0.5,1.0
Cheddar_Cheese,0,3,3,0.5,0.0,0.5,1.0
Cheddar_Cheese,0,3,3,0.5,0.0,0.5,1.0
Cheddar_Cheese,0,3,3,0.5,0.0,0.5,1.0
Cheddar_Cheese,0,3,3,0.5,0.0,0.5,1.0
Cheddar_Cheese,0,3,3,0.5,0.0,0.5,1.0
Cheddar_Cheese,0,3,3,0.5,0.0,0.5,1.0
Cheddar_Cheese,0,3,3,0.5,0.0,0.5,1.0
Cheddar_Cheese,0,3,3,0.5,0.0,0.5,1.0
Cheddar_Cheese,0,3,3,0.5,0.0,0.5,1.0
Cheddar_Cheese,0,3,3,0.5,0.0,0.5,1.0
Cheddar_Cheese,0,3,3,0.5,,0.3333333333333333,1.0
Cheddar_Cheese,0,3,3,0.5,,0.3333333333333333,1.0
Cheddar_Cheese,0,3,3,0.5,,0.3333333333333333,1.0
Cheddar_Cheese,0,3,3,0.5,,0.3333333333333333,1.0
Cheddar_Cheese,0,3,3,0.5,,0.3333333333333333,1.0
Cheddar_Cheese,0,3,3,0.5,,0.3333333333333333,1.0
Cheddar_Cheese,0,3,3,0.6666666666666666,0.5,0.0,1.0
Cheddar_Cheese,0,3,3,0.6666666666666666,0.5,0.0,1.0
Cheddar_Cheese,0,3,3,0.6666666666666666,0.5,0.0,1.0
Cheddar_Cheese,0,3,3,0.6666666666666666,0.5,0.0,1.0
Cheddar_Cheese,0,3,3,0.6666666666666666,0.5,0.0,1.0
Cheddar_Cheese,0,3,3,0.6666666666666666,0.5,0.0,1.0
Cheddar_Cheese,0,3,3,0.6666666666666666,0.5,0.0,1.0
Cheddar_Cheese,0,3,3,0.6666666666666666,0.5,0.0,1.0
Cheddar_Cheese,0,3,3,0.6666666666666666,0.5,0.0,1.0
Cheddar_Cheese,0,3,3,0.6666666666666666,0.5,0.0,1.0
Cheddar_Cheese,0,3,3,0.6666666666666666,0.5,0.0,1.0
Cheddar_Cheese,0,3,3,0.6666666666666666,0.5,0.0,1.0
Cheddar_Cheese,0,3,3,0.6666666666666666,0.5,0.0,1.0
Cheddar_Cheese,0,3,3,0.6666666666666666,0.5,0.0,1.0
Cheddar_Cheese,0,3,3,0.6666666666666666,0.5,1.0,1.0
Cheddar_Cheese,0,3,3,0.6666666666666666,0.5,1.0,1.0
Cheddar_Cheese,0,3,3,0.6666666666666666,0.5,1.0,1.0
Cheddar_Cheese,0,3,3,0.8333333333333334,0.8660254037844387,0.5,1.0
Cheddar_Cheese,0,3,3,0.8333333333333334,0.8660254037844387,0.5,1.0
Cheddar_Cheese,0,3,3,0.8333333333333334,0.8660254037844387,0.5,1.0
Cheddar_Cheese,0,3,3,0.8333333333333334,0.8660254037844387,0.5,1.0
Cheddar_Cheese,0,3,3,0.8333333333333334,0.8660254037844387,0.5,1.0
Cheddar_Cheese,0,3,3,0.8333333333333334,0.8660254037844387,0.5,1.0
Cheddar_Cheese,0,3,3,0.8333333333333334,0.8660254037844387,0.5,1.0
Cheddar_Cheese,0,3,3,0.8333333333333334,0.8660254037844387,0.5,1.0
Cheddar_Cheese,0,3,3,0.8333333333333334,0.8660254037844387,1.0,1.0
Cheddar_Cheese,0,3,3,0.8333333333333334,0.8660254037844387,1.0,1.0
Cheddar_Cheese,0,3,3,0.8333333333333334,0.8660254037844387,1.0,1.0
Cheddar_Cheese,0,3,3,0.8333333333333334,0.8660254037844387,1.0,1.0
Cheddar_Cheese,0,3,3,0.8333333333333334,0.8660254037844387,1.0,1.0
Cheddar_Cheese,0,3,3,0.8333333333333334,0.8660254037844387,1.0,1.0
Cheddar_Cheese,0,3,3,0.8333333333333334,0.8660254037844387,1.0,1.0
Cheddar_Cheese,0,3,3,0.8333333333333334,0.8660254037844387,1.0,1.0
Cheddar_Cheese,0,3,3,0.8333333333333334,0.8660254037844387,1.0,1.0
Cheddar_Cheese,0,3,3,0.8333333333333334,0.8660254037844387,1.0,1.0
Cheddar_Cheese,0,3,3,1.0,1.0,1.0,1.0
Cheddar_Cheese,0,3,3,1.0,1.0,1.0,1.0
Cheddar_Cheese,0,3,3,1.0,1.0,1.0,1.0
Cheddar_Cheese,0,3,3,1.0,1.0,1.0,1.0
Cheddar_Cheese,0,3,3,1.0,1.0,1.0,1.0
Cheddar_Cheese,0,3,3,1.0,1.0,1.0,1.0
Cheddar_Cheese,0,3,3,1.0,1.0,1.0,1.0
Cheddar_Cheese,0,3,3,1.0,1.0,1.0,1.0
Cheddar_Cheese,0,3,3,1.0,1.0,1.0,1.0
Cheddar_Cheese,0,3,3,1.0,1.0,1.0,1.0
Cheddar_Cheese,0,3,3,1.0,1.0,1.0,1.0
Cheddar_Cheese,0,3,3,1.0,1.0,1.0,1.0
Cheddar_Cheese,0,3,3,1.0,1.0,1.0,1.0
Cheddar_Cheese,0,3,3,1.0,1.0,1.0,1.0
Cheddar_Cheese,0,3,3,1.0,1.0,1.0,1.0
Cheddar_Cheese,1,5,10,0.15,-0.9176629354822472,0.0,0.0
Cheddar_Cheese,1,5,10,0.15,-0.9176629354822472,0.0,0.0
Cheddar_Cheese,1,5,10,0.15,-0.8944271909999157,0.0,0.3333333333333333
Cheddar_Cheese,1,5,10,0.15,-0.892217816219194,0.0,0.0
Cheddar_Cheese,1,5,10,0.15,-0.8720815992723809,0.0,0.0
Cheddar_Cheese,1,5,10,0.15,-0.8207826816681233,0.0,0.5
Cheddar_Cheese,1,5,10,0.15,-0.8207826816681233,0.0,0.5
Cheddar_Cheese,1,5,10,0.2,-0.8029550685469662,0.0,0.0
Cheddar_Cheese,1,5,10,0.2,-0.7,0.0,1.0
Cheddar_Cheese,1,5,10,0.25,-0.7826237921249264,0.0,0.3333333333333333
Cheddar_Cheese,1,5,10,0.25,-0.7404360971988655,0.0,0.0
Cheddar_Cheese,1,5,10,0.25,-0.7299963950884315,0.0,0.5
Cheddar_Cheese,1,5,10,0.25,-0.7181848464596079,0.0,0.5
Cheddar_Cheese,1,5,10,0.25,-0.7029594915666376,0.0,0.5
Cheddar_Cheese,1,5,10,0.25,-0.7029594915666376,0.0,0.5
Cheddar_Cheese,1,5,10,0.25,-0.6842105263157895,0.0,0.0
Cheddar_Cheese,1,5,10,0.25,-0.6708203932499368,0.0,0.0
Cheddar_Cheese,1,5,10,0.25,-0.6488856845230502,0.0,0.0
Cheddar_Cheese,1,5,10,0.3,-0.6578947368421054,0.0,0.5
Cheddar_Cheese,1,5,10,0.3,-0.6454972243679028,0.0,0.3333333333333333
Cheddar_Cheese,1,5,10,0.3,-0.6315789473684211,0.0,0.0
Cheddar_Cheese,1,5,10,0.3,-0.5735393346764044,0.0,0.6666666666666666
Cheddar_Cheese,1,5,10,0.3,-0.5407380704358752,0.0,0.0
Cheddar_Cheese,1,5,10,0.3,-0.5270462766947299,0.0,1.0
Cheddar_Cheese,1,5,10,0.3,-0.5000000000000001,0.0,0.0
Cheddar_Cheese,1,5,10,0.3,-0.3999999999999999,0.0,0.0
Cheddar_Cheese,1,5,10,0.35,-0.4472135954999578,0.0,0.6666666666666666
Cheddar_Cheese,1,5,10,0.35,-0.4103913408340616,0.0,0.5
Cheddar_Cheese,1,5,10,0.35,-0.4103913408340616,0.0,0.5
Cheddar_Cheese,1,5,10,0.35,-0.3354101966249684,0.0,0.3333333333333333
Cheddar_Cheese,1,5,10,0.4,-0.3785166493051126,0.0,0.5
Cheddar_Cheese,1,5,10,0.4,-0.3627381250550058,0.25,0.75
Cheddar_Cheese,1,5,10,0.4,-0.3627381250550058,0.25,0.75
Cheddar_Cheese,1,5,10,0.4,-0.3627381250550058,0.25,0.75
Cheddar_Cheese,1,5,10,0.4,-0.3535533905932737,0.0,0.5
Cheddar_Cheese,1,5,10,0.4,-0.3535533905932737,0.25,0.75
Cheddar_Cheese,1,5,10,0.4,-0.3535533905932737,0.25,0.75
Cheddar_Cheese,1,5,10,0.4,-0.3535533905932737,0.25,0.75
Cheddar_Cheese,1,5,10,0.4,-0.2961744388795462,0.0,0.3333333333333333
Cheddar_Cheese,1,5,10,0.4,-0.2961744388795462,0.0,0.3333333333333333
Cheddar_Cheese,1,5,10,0.4,-0.2961744388795462,0.0,0.3333333333333333
Cheddar_Cheese,1,5,10,0.4,-0.2894736842105264,0.0,0.0
Cheddar_Cheese,1,5,10,0.4,-0.2886751345948128,0.3333333333333333,1.0
Cheddar_Cheese,1,5,10,0.4,-0.2867696673382022,0.3333333333333333,1.0
Cheddar_Cheese,1,5,10,0.4,-0.1581138830084189,0.0,0.0
Cheddar_Cheese,1,5,10,0.4,-0.1581138830084189,0.0,0.0
Cheddar_Cheese,1,5,10,0.4,-0.1581138830084189,0.5,1.0
Cheddar_Cheese,1,5,10,0.4,0.0,0.0,0.0
Cheddar_Cheese,1,5,10,0.45,-0.1480872194397731,0.0,0.3333333333333333
Cheddar_Cheese,1,5,10,0.45,-0.0811107105653812,0.0,0.0
Cheddar_Cheese,1,5,10,0.45,-0.0811107105653812,0.5,1.0
Cheddar_Cheese,1,5,10,0.45,0.0512989176042577,0.0,0.0
Cheddar_Cheese,1,5,10,0.5,0.0,0.0,0.0
Cheddar_Cheese,1,5,10,0.5,0.0,0.0,0.0
Cheddar_Cheese,1,5,10,0.5,0.0,0.0,1.0
Cheddar_Cheese,1,5,10,0.5,0.0,0.0,1.0
Cheddar_Cheese,1,5,10,0.5,0.0,0.0,1.0
Cheddar_Cheese,1,5,10,0.5,0.0,0.5,1.0
Cheddar_Cheese,1,5,10,0.5,0.0,0.5,1.0
Cheddar_Cheese,1,5,10,0.5,0.0527046276694729,0.0,1.0
Cheddar_Cheese,1,5,10,0.5,0.108147614087175,0.0,0.5
Cheddar_Cheese,1,5,10,0.5,0.131578947368421,0.0,0.0
Cheddar_Cheese,1,5,10,0.5,,0.2,0.6
Cheddar_Cheese,1,5,10,0.5,,0.2,0.6
Cheddar_Cheese,1,5,10,0.5,,0.2,0.6
Cheddar_Cheese,1,5,10,0.55,0.1025978352085154,0.0,0.0
Cheddar_Cheese,1,5,10,0.55,0.1118033988749894,0.3333333333333333,1.0
Cheddar_Cheese,1,5,10,0.55,0.1147078669352808,0.0,1.0
Cheddar_Cheese,1,5,10,0.55,0.1147078669352808,0.3333333333333333,1.0
Cheddar_Cheese,1,5,10,0.55,0.1538967528127731,0.0,1.0
Cheddar_Cheese,1,5,10,0.55,0.1538967528127731,0.0,1.0
Cheddar_Cheese,1,5,10,0.55,0.1578947368421052,1.0,1.0
Cheddar_Cheese,1,5,10,0.55,0.21629522817435,0.0,0.5
Cheddar_Cheese,1,5,10,0.55,0.21629522817435,0.0,0.5
Cheddar_Cheese,1,5,10,0.55,0.21629522817435,0.0,0.5
Cheddar_Cheese,1,5,10,0.55,0.2294157338705617,0.0,0.0
Cheddar_Cheese,1,5,10,0.55,0.2294157338705617,0.0,0.0
Cheddar_Cheese,1,5,10,0.55,0.2294157338705617,0.0,0.0
Cheddar_Cheese,1,5,10,0.6,0.2886751345948128,0.3333333333333333,1.0
Cheddar_Cheese,1,5,10,0.6,0.2894736842105264,0.0,1.0
Cheddar_Cheese,1,5,10,0.6,0.2894736842105264,0.0,1.0
Cheddar_Cheese,1,5,10,0.6,0.2894736842105264,0.0,1.0
Cheddar_Cheese,1,5,10,0.6,0.3162277660168379,0.5,1.0
Cheddar_Cheese,1,5,10,0.6,0.3162277660168379,0.5,1.0
Cheddar_Cheese,1,5,10,0.65,0.3590924232298039,1.0,1.0
Cheddar_Cheese,1,5,10,0.65,0.4055535528269063,0.5,1.0
Cheddar_Cheese,1,5,10,0.65,0.4999999999999999,0.0,0.6666666666666666
Cheddar_Cheese,1,5,10,0.7,0.5270462766947299,0.5,1.0
Cheddar_Cheese,1,5,10,0.7,0.5270462766947299,0.5,1.0
Cheddar_Cheese,1,5,10,0.7,0.5270462766947299,0.5,1.0
Cheddar_Cheese,1,5,10,0.7,0.5270462766947299,1.0,1.0
Cheddar_Cheese,1,5,10,0.7,0.5526315789473686,0.5,1.0
Cheddar_Cheese,1,5,10,0.7,0.5526315789473686,0.5,1.0
Cheddar_Cheese,1,5,10,0.7,0.5526315789473686,0.5,1.0
Cheddar_Cheese,1,5,10,0.7,0.6,1.0,1.0
Cheddar_Cheese,1,5,10,0.7,0.6454972243679028,0.5,1.0
Cheddar_Cheese,1,5,10,0.7,0.7254762501100117,0.25,0.75
Cheddar_Cheese,1,5,10,0.7,0.7254762501100117,0.25,0.75
Cheddar_Cheese,1,5,10,0.75,0.6668859288553501,1.0,1.0
Cheddar_Cheese,1,5,10,0.75,0.6668859288553501,1.0,1.0
Cheddar_Cheese,1,5,10,0.75,0.6668859288553501,1.0,1.0
Cheddar_Cheese,1,5,10,0.75,0.6842105263157895,1.0,1.0
Cheddar_Cheese,1,5,10,0.8,0.7631578947368421,1.0,1.0
Chicken_Strips,0,5,10,0.05,-0.9746794344808964,0.0,0.0
Chicken_Strips,0,5,10,0.1,-0.9486832980505138,0.0,0.0
Chicken_Strips,0,5,10,0.15,-0.8944271909999157,0.0,0.3333333333333333
Chicken_Strips,0,5,10,0.15,-0.8207826816681233,0.0,0.0
Chicken_Strips,0,5,10,0.2,-0.8660254037844386,0.0,0.0
Chicken_Strips,0,5,10,0.2,-0.7905694150420948,0.0,0.0
Chicken_Strips,0,5,10,0.2,-0.7905694150420948,0.0,0.0
Chicken_Strips,0,5,10,0.25,-0.7826237921249264,0.0,0.3333333333333333
Chicken_Strips,0,5,10,0.25,-0.7826237921249264,0.0,0.3333333333333333
Chicken_Strips,0,5,10,0.25,-0.7299963950884315,0.0,0.0
Chicken_Strips,0,5,10,0.25,-0.6708203932499368,0.0,0.0
Chicken_Strips,0,5,10,0.25,-0.6488856845230502,0.0,0.0
Chicken_Strips,0,5,10,0.3,-0.7071067811865475,0.0,0.5
Chicken_Strips,0,5,10,0.3,-0.6308932681440449,0.0,0.3333333333333333
Chicken_Strips,0,5,10,0.3,-0.5797509043642028,0.0,0.0
Chicken_Strips,0,5,10,0.3,-0.5797509043642028,0.0,0.0
Chicken_Strips,0,5,10,0.3,-0.5773502691896257,0.0,0.0
Chicken_Strips,0,5,10,0.3,-0.5526315789473686,0.0,0.0
Chicken_Strips,0,5,10,0.3,-0.5270462766947299,0.0,0.0
Chicken_Strips,0,5,10,0.3,-0.5270462766947299,0.0,0.0
Chicken_Strips,0,5,10,0.3,-0.4743416490252569,0.0,0.0
Chicken_Strips,0,5,10,0.35,-0.5642880936468347,0.0,1.0
Chicken_Strips,0,5,10,0.35,-0.4616902584383193,0.0,0.0
Chicken_Strips,0,5,10,0.35,-0.4472135954999578,0.0,0.3333333333333333
Chicken_Strips,0,5,10,0.35,-0.4325904563487001,0.0,0.0
Chicken_Strips,0,5,10,0.35,-0.3590924232298039,0.0,0.0
Chicken_Strips,0,5,10,0.35,-0.3354101966249684,0.0,0.3333333333333333
Chicken_Strips,0,5,10,0.4,-0.3535533905932737,0.0,0.5
Chicken_Strips,0,5,10,0.4,-0.3535533905932737,0.0,0.5
Chicken_Strips,0,5,10,0.4,-0.3535533905932737,0.25,0.75
Chicken_Strips,0,5,10,0.4,-0.3162277660168379,0.0,0.0
Chicken_Strips,0,5,10,0.4,-0.3162277660168379,0.0,0.0
Chicken_Strips,0,5,10,0.4,-0.3,0.0,0.0
Chicken_Strips,0,5,10,0.4,-0.2886751345948128,0.0,0.3333333333333333
Chicken_Strips,0,5,10,0.4,-0.2635231383473649,0.0,0.0
Chicken_Strips,0,5,10,0.45,-0.2236067977499789,0.0,0.6666666666666666
Chicken_Strips,0,5,10,0.45,-0.2236067977499789,0.0,0.6666666666666666
Chicken_Strips,0,5,10,0.45,-0.2236067977499789,0.0,0.6666666666666666
Chicken_Strips,0,5,10,0.45,-0.1538967528127731,0.0,0.0
Chicken_Strips,0,5,10,0.45,-0.1118033988749894,0.0,0.3333333333333333
Chicken_Strips,0,5,10,0.45,-0.1118033988749894,0.0,0.3333333333333333
Chicken_Strips,0,5,10,0.45,-0.1025978352085154,0.0,0.0
Chicken_Strips,0,5,10,0.45,-0.1025978352085154,0.0,0.0
Chicken_Strips,0,5,10,0.45,-0.0811107105653812,0.0,0.0
Chicken_Strips,0,5,10,0.45,-0.0512989176042577,0.0,1.0
Chicken_Strips,0,5,10,0.45,0.0512989176042577,0.0,0.0
Chicken_Strips,0,5,10,0.5,-0.1054092553389459,0.0,1.0
Chicken_Strips,0,5,10,0.5,-0.0999999999999999,0.0,0.0
Chicken_Strips,0,5,10,0.5,0.0,0.0,0.0
Chicken_Strips,0,5,10,0.5,0.0,0.0,0.0
Chicken_Strips,0,5,10,0.5,0.0,0.0,0.3333333333333333
Chicken_Strips,0,5,10,0.5,0.0,0.0,0.5
Chicken_Strips,0,5,10,0.5,0.0,0.0,0.6666666666666666
Chicken_Strips,0,5,10,0.5,0.0,0.25,0.75
Chicken_Strips,0,5,10,0.5,0.0527046276694729,0.0,1.0
Chicken_Strips,0,5,10,0.5,,0.2,0.6
Chicken_Strips,0,5,10,0.5,,0.2,0.6
Chicken_Strips,0,5,10,0.5,,0.2,0.6
Chicken_Strips,0,5,10,0.55,-0.0512989176042577,0.0,0.0
Chicken_Strips,0,5,10,0.55,0.0512989176042577,0.0,1.0
Chicken_Strips,0,5,10,0.55,0.1025978352085154,0.0,0.0
Chicken_Strips,0,5,10,0.55,0.1118033988749894,0.0,1.0
Chicken_Strips,0,5,10,0.55,0.1538967528127731,0.0,1.0
Chicken_Strips,0,5,10,0.55,0.1538967528127731,0.0,1.0
Chicken_Strips,0,5,10,0.6,0.1581138830084189,0.5,1.0
Chicken_Strips,0,5,10,0.6,0.2631578947368421,0.0,0.5
Chicken_Strips,0,5,10,0.6,0.2886751345948128,0.3333333333333333,1.0
Chicken_Strips,0,5,10,0.6,0.2894736842105264,0.0,1.0
Chicken_Strips,0,5,10,0.6,0.3441236008058426,0.0,0.6666666666666666
Chicken_Strips,0,5,10,0.6,0.3535533905932737,0.0,0.5
Chicken_Strips,0,5,10,0.6,0.3535533905932737,0.0,0.5
Chicken_Strips,0,5,10,0.65,0.2051956704170308,0.0,0.0
Chicken_Strips,0,5,10,0.65,0.3590924232298039,0.0,1.0
Chicken_Strips,0,5,10,0.65,0.4103913408340616,0.0,1.0
Chicken_Strips,0,5,10,0.65,0.4472135954999578,0.0,0.6666666666666666
Chicken_Strips,0,5,10,0.65,0.4472135954999578,0.0,0.6666666666666666
Chicken_Strips,0,5,10,0.65,0.4472135954999578,0.3333333333333333,1.0
Chicken_Strips,0,5,10,0.65,0.4596273598704939,0.0,1.0
Chicken_Strips,0,5,10,0.65,0.4616902584383193,0.0,1.0
Chicken_Strips,0,5,10,0.7,0.5270462766947299,0.0,0.5
Chicken_Strips,0,5,10,0.7,0.5773502691896257,0.3333333333333333,1.0
Chicken_Strips,0,5,10,0.7,0.5773502691896257,0.3333333333333333,1.0
Chicken_Strips,0,5,10,0.7,0.5797509043642028,0.0,1.0
Chicken_Strips,0,5,10,0.7,0.6324555320336759,0.5,1.0
Chicken_Strips,0,5,10,0.7,0.7071067811865475,0.25,0.75
Chicken_Strips,0,5,10,0.7,0.7071067811865475,0.25,0.75
Chicken_Strips,0,5,10,0.75,0.5642880936468347,0.0,0.5
Chicken_Strips,0,5,10,0.75,0.5642880936468347,0.5,1.0
Chicken_Strips,0,5,10,0.75,0.6668859288553501,1.0,1.0
Chicken_Strips,0,5,10,0.75,0.7181848464596079,0.0,1.0
Chicken_Strips,0,5,10,0.8,0.7378647873726218,0.5,1.0
Chicken_Strips,0,5,10,0.8,0.7999999999999999,0.0,1.0
Chicken_Strips,0,5,10,0.8,0.8660254037844386,0.5,1.0
Chicken_Strips,0,5,10,0.8,0.8660254037844386,0.5,1.0
Chicken_Strips,0,5,10,0.8,0.8660254037844386,0.5,1.0
Chicken_Strips,0,5,10,0.8,0.8660254037844386,0.5,1.0
Chicken_Strips,0,5,10,0.85,0.892217816219194,0.0,1.0
Chicken_Strips,0,5,10,0.85,0.8944271909999157,1.0,1.0
Chicken_Strips,1,5,10,0.15,-0.8944271909999157,0.0,0.3333333333333333
Chicken_Strips,1,5,10,0.25,-0.7826237921249264,0.0,0.3333333333333333
Chicken_Strips,1,5,10,0.3,-0.7071067811865475,0.0,0.5
Chicken_Strips,1,5,10,0.3,-0.5797509043642028,0.0,0.5
Chicken_Strips,1,5,10,0.3,-0.5773502691896257,0.0,0.0
Chicken_Strips,1,5,10,0.3,-0.4743416490252569,0.0,0.0
Chicken_Strips,1,5,10,0.35,-0.5642880936468347,0.0,1.0
Chicken_Strips,1,5,10,0.35,-0.4616902584383193,0.0,0.0
Chicken_Strips,1,5,10,0.35,-0.4616902584383193,0.0,0.5
Chicken_Strips,1,5,10,0.35,-0.3590924232298039,0.0,0.5
Chicken_Strips,1,5,10,0.35,-0.3590924232298039,0.0,1.0
Chicken_Strips,1,5,10,0.4,-0.3535533905932737,0.0,0.5
Chicken_Strips,1,5,10,0.4,-0.3535533905932737,0.0,0.5
Chicken_Strips,1,5,10,0.4,-0.2635231383473649,0.0,0.0
Chicken_Strips,1,5,10,0.45,-0.2236067977499789,0.0,1.0
Chicken_Strips,1,5,10,0.45,-0.2236067977499789,0.3333333333333333,1.0
Chicken_Strips,1,5,10,0.45,-0.1118033988749894,0.3333333333333333,1.0
Chicken_Strips,1,5,10,0.45,-0.1025978352085154,0.0,0.0
Chicken_Strips,1,5,10,0.5,-0.1054092553389459,0.0,0.0
Chicken_Strips,1,5,10,0.5,0.0,0.0,0.0
Chicken_Strips,1,5,10,0.5,0.0,0.0,0.5
Chicken_Strips,1,5,10,0.5,0.0,0.0,0.5
Chicken_Strips,1,5,10,0.5,0.0,0.0,0.5
Chicken_Strips,1,5,10,0.5,0.0,0.0,0.5
Chicken_Strips,1,5,10,0.5,0.1054092553389459,0.0,0.5
Chicken_Strips,1,5,10,0.5,0.1054092553389459,1.0,1.0
Chicken_Strips,1,5,10,0.5,,0.2,0.6
Chicken_Strips,1,5,10,0.5,,0.2,0.6
Chicken_Strips,1,5,10,0.5,,0.2,0.6
Chicken_Strips,1,5,10,0.55,0.1538967528127731,0.0,0.0
Chicken_Strips,1,5,10,0.55,0.2236067977499789,0.0,0.6666666666666666
Chicken_Strips,1,5,10,0.6,0.2108185106778919,0.0,1.0
Chicken_Strips,1,5,10,0.6,0.2108185106778919,0.0,1.0
Chicken_Strips,1,5,10,0.6,0.3162277660168379,1.0,1.0
Chicken_Strips,1,5,10,0.6,0.3535533905932737,0.0,0.5
Chicken_Strips,1,5,10,0.6,0.3535533905932737,0.0,0.5
Chicken_Strips,1,5,10,0.6,0.3535533905932737,0.0,0.5
Chicken_Strips,1,5,10,0.6,0.3535533905932737,0.0,0.5
Chicken_Strips,1,5,10,0.65,0.3590924232298039,1.0,1.0
Chicken_Strips,1,5,10,0.65,0.3590924232298039,1.0,1.0
Chicken_Strips,1,5,10,0.65,0.4103913408340616,0.0,1.0
Chicken_Strips,1,5,10,0.65,0.4472135954999578,0.0,0.6666666666666666
Chicken_Strips,1,5,10,0.65,0.4472135954999578,0.3333333333333333,1.0
Chicken_Strips,1,5,10,0.65,0.4472135954999578,0.3333333333333333,1.0
Chicken_Strips,1,5,10,0.65,0.4472135954999578,1.0,1.0
Chicken_Strips,1,5,10,0.65,0.5642880936468347,0.0,1.0
Chicken_Strips,1,5,10,0.65,0.5642880936468347,0.0,1.0
Chicken_Strips,1,5,10,0.7,0.4743416490252569,0.5,1.0
Chicken_Strips,1,5,10,0.7,0.4999999999999999,1.0,1.0
Chicken_Strips,1,5,10,0.7,0.4999999999999999,1.0,1.0
Chicken_Strips,1,5,10,0.7,0.5773502691896257,0.3333333333333333,1.0
Chicken_Strips,1,5,10,0.7,0.5797509043642028,0.0,1.0
Chicken_Strips,1,5,10,0.7,0.5797509043642028,0.5,1.0
Chicken_Strips,1,5,10,0.7,0.6,1.0,1.0
Chicken_Strips,1,5,10,0.7,0.6324555320336759,0.0,1.0
Chicken_Strips,1,5,10,0.7,0.6324555320336759,0.5,1.0
Chicken_Strips,1,5,10,0.7,0.7071067811865475,0.25,0.75
Chicken_Strips,1,5,10,0.7,0.7071067811865475,1.0,1.0
Chicken_Strips,1,5,10,0.7,0.7071067811865475,1.0,1.0
Chicken_Strips,1,5,10,0.7,0.7071067811865475,1.0,1.0
Chicken_Strips,1,5,10,0.75,0.6155870112510925,1.0,1.0
Chicken_Strips,1,5,10,0.75,0.6668859288553501,0.0,1.0
Chicken_Strips,1,5,10,0.75,0.6668859288553501,0.0,1.0
Chicken_Strips,1,5,10,0.75,0.6668859288553501,1.0,1.0
Chicken_Strips,1,5,10,0.75,0.6708203932499368,0.0,0.6666666666666666
Chicken_Strips,1,5,10,0.75,0.6708203932499368,1.0,1.0
Chicken_Strips,1,5,10,0.75,0.7181848464596079,0.0,1.0
Chicken_Strips,1,5,10,0.75,0.7826237921249264,0.0,1.0
Chicken_Strips,1,5,10,0.75,0.7826237921249264,0.0,1.0
Chicken_Strips,1,5,10,0.8,0.7378647873726218,1.0,1.0
Chicken_Strips,1,5,10,0.8,0.7378647873726218,1.0,1.0
Chicken_Strips,1,5,10,0.8,0.7378647873726218,1.0,1.0
Chicken_Strips,1,5,10,0.8,0.7905694150420948,0.5,1.0
Chicken_Strips,1,5,10,0.8,0.8660254037844386,0.5,1.0
Chicken_Strips,1,5,10,0.8,0.8660254037844386,0.5,1.0
Chicken_Strips,1,5,10,0.8,0.8660254037844386,0.5,1.0
Chicken_Strips,1,5,10,0.8,0.8660254037844386,0.5,1.0
Chicken_Strips,1,5,10,0.85,0.8207826816681233,0.5,1.0
Chicken_Strips,1,5,10,0.85,0.8207826816681233,0.5,1.0
Chicken_Strips,1,5,10,0.85,0.8207826816681233,0.5,1.0
Chicken_Strips,1,5,10,0.85,0.8207826816681233,1.0,1.0
Chicken_Strips,1,5,10,0.85,0.8720815992723809,0.0,1.0
Chicken_Strips,1,5,10,0.85,0.8720815992723809,0.5,1.0
Chicken_Strips,1,5,10,0.85,0.8720815992723809,1.0,1.0
Chicken_Strips,1,5,10,0.85,0.8944271909999157,0.3333333333333333,1.0
Chicken_Strips,1,5,10,0.85,0.8944271909999157,1.0,1.0
Chicken_Strips,1,5,10,0.85,0.8944271909999157,1.0,1.0
Chicken_Strips,1,5,10,0.9,0.9486832980505138,0.5,1.0
Chicken_Strips,1,5,10,0.9,0.9486832980505138,1.0,1.0
Chicken_Strips,1,5,10,0.9,0.9486832980505138,1.0,1.0
Chicken_Strips,1,5,10,0.95,0.9746794344808964,1.0,1.0
Cream_Cheese,0,5,10,0.1,-0.9486832980505138,0.0,0.0
Cream_Cheese,0,5,10,0.15,-0.8207826816681233,0.0,0.0
Cream_Cheese,0,5,10,0.3,-0.7071067811865475,0.0,0.0
Cream_Cheese,0,5,10,0.3,-0.3999999999999999,0.0,0.0
Cream_Cheese,0,5,10,0.35,-0.3590924232298039,0.0,0.0
Cream_Cheese,0,5,10,0.4,-0.3535533905932737,0.0,0.5
Cream_Cheese,0,5,10,0.4,-0.2886751345948128,0.0,0.3333333333333333
Cream_Cheese,0,5,10,0.4,-0.2867696673382022,0.0,0.0
Cream_Cheese,0,5,10,0.45,-0.2236067977499789,0.0,0.0
Cream_Cheese,0,5,10,0.45,-0.2051956704170308,0.0,0.0
Cream_Cheese,0,5,10,0.45,-0.1118033988749894,0.0,0.3333333333333333
Cream_Cheese,0,5,10,0.45,-0.1118033988749894,0.0,0.3333333333333333
Cream_Cheese,0,5,10,0.5,0.0,0.0,0.3333333333333333
Cream_Cheese,0,5,10,0.5,0.0,0.0,0.5
Cream_Cheese,0,5,10,0.5,0.1054092553389459,0.0,0.5
Cream_Cheese,0,5,10,0.5,,0.2,0.6
Cream_Cheese,0,5,10,0.55,-0.0512989176042577,0.0,0.0
Cream_Cheese,0,5,10,0.55,-0.0512989176042577,0.0,1.0
Cream_Cheese,0,5,10,0.55,0.1025978352085154,0.0,0.0
Cream_Cheese,0,5,10,0.55,0.1025978352085154,0.0,0.0
Cream_Cheese,0,5,10,0.55,0.1025978352085154,0.0,0.0
Cream_Cheese,0,5,10,0.55,0.1025978352085154,0.5,1.0
Cream_Cheese,0,5,10,0.55,0.1118033988749894,0.0,0.3333333333333333
Cream_Cheese,0,5,10,0.55,0.1118033988749894,0.0,0.3333333333333333
Cream_Cheese,0,5,10,0.55,0.1538967528127731,0.0,0.0
Cream_Cheese,0,5,10,0.6,0.1581138830084189,0.0,0.0
Cream_Cheese,0,5,10,0.6,0.1581138830084189,0.0,0.0
Cream_Cheese,0,5,10,0.6,0.2635231383473649,0.0,1.0
Cream_Cheese,0,5,10,0.6,0.2635231383473649,0.0,1.0
Cream_Cheese,0,5,10,0.6,0.3162277660168379,0.0,0.5
Cream_Cheese,0,5,10,0.6,0.3162277660168379,0.0,0.5
Cream_Cheese,0,5,10,0.6,0.3535533905932737,0.0,0.5
Cream_Cheese,0,5,10,0.6,0.3689323936863109,0.0,0.5
Cream_Cheese,0,5,10,0.65,0.3354101966249684,0.0,0.3333333333333333
Cream_Cheese,0,5,10,0.65,0.3354101966249684,0.0,0.3333333333333333
Cream_Cheese,0,5,10,0.65,0.3514797457833188,0.0,0.0
Cream_Cheese,0,5,10,0.65,0.3590924232298039,0.0,0.0
Cream_Cheese,0,5,10,0.65,0.3590924232298039,0.0,0.0
Cream_Cheese,0,5,10,0.65,0.3590924232298039,0.0,1.0
Cream_Cheese,0,5,10,0.65,0.3590924232298039,0.5,1.0
Cream_Cheese,0,5,10,0.65,0.4103913408340616,0.0,1.0
Cream_Cheese,0,5,10,0.65,0.4472135954999578,0.0,0.6666666666666666
Cream_Cheese,0,5,10,0.65,0.4472135954999578,0.3333333333333333,1.0
Cream_Cheese,0,5,10,0.65,0.4472135954999578,1.0,1.0
Cream_Cheese,0,5,10,0.65,0.4616902584383193,0.0,0.5
Cream_Cheese,0,5,10,0.65,0.5642880936468347,0.0,1.0
Cream_Cheese,0,5,10,0.65,0.5642880936468347,0.5,1.0
Cream_Cheese,0,5,10,0.7,0.3999999999999999,0.0,0.0
Cream_Cheese,0,5,10,0.7,0.5000000000000001,0.0,0.0
Cream_Cheese,0,5,10,0.7,0.5773502691896257,0.3333333333333333,1.0
Cream_Cheese,0,5,10,0.7,0.5797509043642028,0.5,1.0
Cream_Cheese,0,5,10,0.7,0.6,0.0,1.0
Cream_Cheese,0,5,10,0.7,0.6324555320336759,0.0,1.0
Cream_Cheese,0,5,10,0.7,0.7071067811865475,0.25,0.75
Cream_Cheese,0,5,10,0.7,0.7071067811865475,0.25,0.75
Cream_Cheese,0,5,10,0.7,0.7071067811865475,1.0,1.0
Cream_Cheese,0,5,10,0.75,0.5642880936468347,0.0,0.5
Cream_Cheese,0,5,10,0.75,0.6155870112510925,0.0,1.0
Cream_Cheese,0,5,10,0.75,0.6668859288553501,0.0,1.0
Cream_Cheese,0,5,10,0.75,0.6668859288553501,0.0,1.0
Cream_Cheese,0,5,10,0.75,0.6668859288553501,1.0,1.0
Cream_Cheese,0,5,10,0.75,0.6708203932499368,0.0,0.6666666666666666
Cream_Cheese,0,5,10,0.75,0.7181848464596079,0.0,1.0
Cream_Cheese,0,5,10,0.75,0.7181848464596079,0.0,1.0
Cream_Cheese,0,5,10,0.75,0.7826237921249264,0.0,1.0
Cream_Cheese,0,5,10,0.75,0.7826237921249264,0.0,1.0
Cream_Cheese,0,5,10,0.75,0.7826237921249264,0.0,1.0
Cream_Cheese,0,5,10,0.75,0.7826237921249264,0.0,1.0
Cream_Cheese,0,5,10,0.8,0.7378647873726218,1.0,1.0
Cream_Cheese,0,5,10,0.8,0.7894736842105264,0.0,1.0
Cream_Cheese,0,5,10,0.8,0.7905694150420948,0.0,1.0
Cream_Cheese,0,5,10,0.8,0.7905694150420948,0.0,1.0
Cream_Cheese,0,5,10,0.8,0.7905694150420948,0.5,1.0
Cream_Cheese,0,5,10,0.85,0.8207826816681233,0.0,1.0
Cream_Cheese,0,5,10,0.85,0.8207826816681233,0.0,1.0
Cream_Cheese,0,5,10,0.85,0.8207826816681233,0.0,1.0
Cream_Cheese,0,5,10,0.85,0.8207826816681233,0.5,1.0
Cream_Cheese,0,5,10,0.85,0.8207826816681233,1.0,1.0
Cream_Cheese,0,5,10,0.85,0.8720815992723809,0.0,1.0
Cream_Cheese,0,5,10,0.85,0.8720815992723809,0.0,1.0
Cream_Cheese,0,5,10,0.85,0.8720815992723809,0.5,1.0
Cream_Cheese,0,5,10,0.85,0.8944271909999157,1.0,1.0
Cream_Cheese,0,5,10,0.85,0.8944271909999157,1.0,1.0
Cream_Cheese,0,5,10,0.85,0.8944271909999157,1.0,1.0
Cream_Cheese,0,5,10,0.85,0.8944271909999157,1.0,1.0
Cream_Cheese,0,5,10,0.9,0.8999999999999998,1.0,1.0
Cream_Cheese,0,5,10,0.9,0.8999999999999998,1.0,1.0
Cream_Cheese,0,5,10,0.9,0.8999999999999998,1.0,1.0
Cream_Cheese,0,5,10,0.9,0.9486832980505138,0.5,1.0
Cream_Cheese,0,5,10,0.9,0.9486832980505138,0.5,1.0
Cream_Cheese,0,5,10,0.9,0.9486832980505138,0.5,1.0
Cream_Cheese,0,5,10,0.9,0.9486832980505138,0.5,1.0
Cream_Cheese,0,5,10,0.9,0.9486832980505138,0.5,1.0
Cream_Cheese,0,5,10,0.9,0.9486832980505138,0.5,1.0
Cream_Cheese,0,5,10,0.9,0.9486832980505138,1.0,1.0
Cream_Cheese,0,5,10,0.95,0.9746794344808964,0.5,1.0
Cream_Cheese,0,5,10,0.95,0.9746794344808964,0.5,1.0
Cream_Cheese,0,5,10,0.95,0.9746794344808964,1.0,1.0
Cream_Cheese,0,5,10,0.95,0.9746794344808964,1.0,1.0
Cream_Cheese,0,5,10,0.95,0.9746794344808964,1.0,1.0
Cream_Cheese,0,5,10,1.0,1.0,1.0,1.0
Cream_Cheese,1,5,10,0.15,-0.8207826816681233,0.0,0.0
Cream_Cheese,1,5,10,0.35,-0.4616902584383193,0.0,1.0
Cream_Cheese,1,5,10,0.4,-0.3689323936863109,0.0,1.0
Cream_Cheese,1,5,10,0.4,-0.3162277660168379,0.0,0.0
Cream_Cheese,1,5,10,0.4,-0.2886751345948128,0.3333333333333333,1.0
Cream_Cheese,1,5,10,0.4,-0.2886751345948128,0.3333333333333333,1.0
Cream_Cheese,1,5,10,0.4,-0.2108185106778919,0.0,0.5
Cream_Cheese,1,5,10,0.45,-0.2051956704170308,0.0,0.0
Cream_Cheese,1,5,10,0.45,-0.1025978352085154,0.0,0.5
Cream_Cheese,1,5,10,0.45,0.0512989176042577,0.0,0.0
Cream_Cheese,1,5,10,0.45,0.0512989176042577,0.0,0.5
Cream_Cheese,1,5,10,0.5,-0.0527046276694729,0.0,0.5
Cream_Cheese,1,5,10,0.5,-0.0527046276694729,0.0,0.5
Cream_Cheese,1,5,10,0.5,0.0,0.0,0.0
Cream_Cheese,1,5,10,0.5,0.0,0.0,0.0
Cream_Cheese,1,5,10,0.5,0.0,0.5,1.0
Cream_Cheese,1,5,10,0.5,0.1054092553389459,1.0,1.0
Cream_Cheese,1,5,10,0.55,0.0512989176042577,0.0,0.0
Cream_Cheese,1,5,10,0.55,0.1538967528127731,0.0,1.0
Cream_Cheese,1,5,10,0.55,0.2236067977499789,0.0,0.0
Cream_Cheese,1,5,10,0.6,0.1581138830084189,0.0,0.0
Cream_Cheese,1,5,10,0.6,0.1999999999999999,0.0,1.0
Cream_Cheese,1,5,10,0.6,0.2108185106778919,0.0,1.0
Cream_Cheese,1,5,10,0.6,0.2886751345948128,0.0,0.3333333333333333
Cream_Cheese,1,5,10,0.6,0.2886751345948128,0.0,0.3333333333333333
Cream_Cheese,1,5,10,0.6,0.2886751345948128,0.3333333333333333,1.0
Cream_Cheese,1,5,10,0.6,0.3535533905932737,0.25,0.75
Cream_Cheese,1,5,10,0.6,0.3689323936863109,0.0,1.0
Cream_Cheese,1,5,10,0.65,0.2051956704170308,0.5,1.0
Cream_Cheese,1,5,10,0.65,0.3077935056255462,0.5,1.0
Cream_Cheese,1,5,10,0.65,0.3590924232298039,1.0,1.0
Cream_Cheese,1,5,10,0.65,0.4103913408340616,0.0,0.5
Cream_Cheese,1,5,10,0.65,0.4103913408340616,1.0,1.0
Cream_Cheese,1,5,10,0.65,0.4472135954999578,0.0,0.6666666666666666
Cream_Cheese,1,5,10,0.65,0.4472135954999578,0.0,1.0
Cream_Cheese,1,5,10,0.65,0.4616902584383193,0.0,1.0
Cream_Cheese,1,5,10,0.65,0.4616902584383193,1.0,1.0
Cream_Cheese,1,5,10,0.65,0.5642880936468347,0.0,1.0
Cream_Cheese,1,5,10,0.65,0.5642880936468347,0.0,1.0
Cream_Cheese,1,5,10,0.65,0.5642880936468347,0.0,1.0
Cream_Cheese,1,5,10,0.7,0.4743416490252569,0.5,1.0
Cream_Cheese,1,5,10,0.7,0.4743416490252569,0.5,1.0
Cream_Cheese,1,5,10,0.7,0.4743416490252569,0.5,1.0
Cream_Cheese,1,5,10,0.7,0.5270462766947299,0.5,1.0
Cream_Cheese,1,5,10,0.7,0.5773502691896257,0.5,1.0
Cream_Cheese,1,5,10,0.7,0.5773502691896257,0.5,1.0
Cream_Cheese,1,5,10,0.7,0.7071067811865475,0.25,0.75
Cream_Cheese,1,5,10,0.75,0.5642880936468347,0.0,0.5
Cream_Cheese,1,5,10,0.75,0.5642880936468347,1.0,1.0
Cream_Cheese,1,5,10,0.75,0.6155870112510925,0.0,1.0
Cream_Cheese,1,5,10,0.75,0.6155870112510925,0.0,1.0
Cream_Cheese,1,5,10,0.75,0.6155870112510925,0.0,1.0
Cream_Cheese,1,5,10,0.75,0.6155870112510925,0.0,1.0
Cream_Cheese,1,5,10,0.75,0.6668859288553501,0.0,1.0
Cream_Cheese,1,5,10,0.75,0.6668859288553501,0.5,1.0
Cream_Cheese,1,5,10,0.75,0.6708203932499368,0.0,0.6666666666666666
Cream_Cheese,1,5,10,0.75,0.6708203932499368,0.0,0.6666666666666666
Cream_Cheese,1,5,10,0.75,0.6708203932499368,0.3333333333333333,1.0
Cream_Cheese,1,5,10,0.75,0.7181848464596079,0.0,1.0
Cream_Cheese,1,5,10,0.75,0.7181848464596079,0.0,1.0
Cream_Cheese,1,5,10,0.75,0.7181848464596079,0.0,1.0
Cream_Cheese,1,5,10,0.75,0.7181848464596079,0.5,1.0
Cream_Cheese,1,5,10,0.75,0.7826237921249264,0.0,1.0
Cream_Cheese,1,5,10,0.75,0.7826237921249264,0.3333333333333333,1.0
Cream_Cheese,1,5,10,0.75,0.7826237921249264,0.3333333333333333,1.0
Cream_Cheese,1,5,10,0.8,0.7378647873726218,0.5,1.0
Cream_Cheese,1,5,10,0.8,0.7905694150420948,0.0,1.0
Cream_Cheese,1,5,10,0.8,0.7905694150420948,0.0,1.0
Cream_Cheese,1,5,10,0.8,0.7905694150420948,0.5,1.0
Cream_Cheese,1,5,10,0.8,0.7905694150420948,0.5,1.0
Cream_Cheese,1,5,10,0.8,0.7999999999999999,1.0,1.0
Cream_Cheese,1,5,10,0.8,0.8660254037844386,0.3333333333333333,1.0
Cream_Cheese,1,5,10,0.8,0.8660254037844386,0.3333333333333333,1.0
Cream_Cheese,1,5,10,0.8,0.8660254037844386,0.5,1.0
Cream_Cheese,1,5,10,0.8,0.8660254037844386,0.5,1.0
Cream_Cheese,1,5,10,0.85,0.8207826816681233,1.0,1.0
Cream_Cheese,1,5,10,0.85,0.8207826816681233,1.0,1.0
Cream_Cheese,1,5,10,0.85,0.8720815992723809,0.0,1.0
Cream_Cheese,1,5,10,0.85,0.8720815992723809,0.5,1.0
Cream_Cheese,1,5,10,0.85,0.8720815992723809,1.0,1.0
Cream_Cheese,1,5,10,0.85,0.8720815992723809,1.0,1.0
Cream_Cheese,1,5,10,0.85,0.8944271909999157,0.3333333333333333,1.0
Cream_Cheese,1,5,10,0.85,0.8944271909999157,0.3333333333333333,1.0
Cream_Cheese,1,5,10,0.85,0.8944271909999157,0.3333333333333333,1.0
Cream_Cheese,1,5,10,0.85,0.8944271909999157,1.0,1.0
Cream_Cheese,1,5,10,0.85,0.8944271909999157,1.0,1.0
Cream_Cheese,1,5,10,0.85,0.8944271909999157,1.0,1.0
Cream_Cheese,1,5,10,0.9,0.8999999999999998,0.0,1.0
Cream_Cheese,1,5,10,0.9,0.8999999999999998,1.0,1.0
Cream_Cheese,1,5,10,0.9,0.9486832980505138,0.5,1.0
Cream_Cheese,1,5,10,0.9,0.9486832980505138,0.5,1.0
Cream_Cheese,1,5,10,0.9,0.9486832980505138,0.5,1.0
Cream_Cheese,1,5,10,0.9,0.9486832980505138,0.5,1.0
Cream_Cheese,1,5,10,0.9,0.9486832980505138,0.5,1.0
Cream_Cheese,1,5,10,0.9,0.9486832980505138,1.0,1.0
Cream_Cheese,1,5,10,0.9,0.9486832980505138,1.0,1.0
Cream_Cheese,1,5,10,0.9,0.9486832980505138,1.0,1.0
Cream_Cheese,1,5,10,0.95,0.9746794344808964,0.5,1.0
Cream_Cheese,1,5,10,0.95,0.9746794344808964,1.0,1.0
Cream_Cheese,1,5,10,1.0,1.0,1.0,1.0
Creamer,0,4,6,0.1666666666666666,-0.8944271909999159,0.0,0.5
Creamer,0,4,6,0.25,-0.7745966692414834,0.0,0.0
Creamer,0,4,6,0.25,-0.7745966692414834,0.0,0.0
Creamer,0,4,6,0.25,-0.7378647873726218,0.0,1.0
Creamer,0,4,6,0.3333333333333333,-0.4472135954999579,0.0,0.5
Creamer,0,4,6,0.3333333333333333,-0.4472135954999579,0.0,0.5
Creamer,0,4,6,0.3333333333333333,-0.3999999999999999,0.0,1.0
Creamer,0,4,6,0.4166666666666667,-0.2581988897471611,0.3333333333333333,1.0
Creamer,0,4,6,0.4166666666666667,-0.2108185106778919,0.0,0.5
Creamer,0,4,6,0.4166666666666667,-0.2108185106778919,0.0,0.5
Creamer,0,4,6,0.4166666666666667,-0.2108185106778919,0.0,1.0
Creamer,0,4,6,0.4166666666666667,-0.1054092553389459,0.5,1.0
Creamer,0,4,6,0.4166666666666667,-0.1054092553389459,0.5,1.0
Creamer,0,4,6,0.5,-0.1999999999999999,0.0,1.0
Creamer,0,4,6,0.5,0.0,0.0,0.5
Creamer,0,4,6,0.5,0.0,0.0,1.0
Creamer,0,4,6,0.5,0.0,0.0,1.0
Creamer,0,4,6,0.5,0.1999999999999999,0.0,1.0
Creamer,0,4,6,0.5,0.1999999999999999,0.0,1.0
Creamer,0,4,6,0.5,,0.25,0.75
Creamer,0,4,6,0.5,,0.25,0.75
Creamer,0,4,6,0.5,,0.25,0.75
Creamer,0,4,6,0.5833333333333334,0.1054092553389459,0.0,0.5
Creamer,0,4,6,0.5833333333333334,0.1054092553389459,0.5,1.0
Creamer,0,4,6,0.5833333333333334,0.1054092553389459,0.5,1.0
Creamer,0,4,6,0.5833333333333334,0.2108185106778919,0.0,1.0
Creamer,0,4,6,0.5833333333333334,0.2108185106778919,0.5,1.0
Creamer,0,4,6,0.5833333333333334,0.2581988897471611,0.0,0.6666666666666666
Creamer,0,4,6,0.5833333333333334,0.2581988897471611,0.3333333333333333,1.0
Creamer,0,4,6,0.5833333333333334,0.316227766016838,0.0,1.0
Creamer,0,4,6,0.5833333333333334,0.316227766016838,0.0,1.0
Creamer,0,4,6,0.5833333333333334,0.316227766016838,1.0,1.0
Creamer,0,4,6,0.5833333333333334,0.316227766016838,1.0,1.0
Creamer,0,4,6,0.6666666666666666,0.3999999999999999,0.0,1.0
Creamer,0,4,6,0.6666666666666666,0.3999999999999999,1.0,1.0
Creamer,0,4,6,0.6666666666666666,0.3999999999999999,1.0,1.0
Creamer,0,4,6,0.6666666666666666,0.3999999999999999,1.0,1.0
Creamer,0,4,6,0.6666666666666666,0.3999999999999999,1.0,1.0
Creamer,0,4,6,0.6666666666666666,0.4472135954999579,0.5,1.0
Creamer,0,4,6,0.6666666666666666,0.6000000000000001,0.0,1.0
Creamer,0,4,6,0.6666666666666666,0.6000000000000001,0.0,1.0
Creamer,0,4,6,0.75,0.632455532033676,0.0,1.0
Creamer,0,4,6,0.75,0.632455532033676,0.0,1.0
Creamer,0,4,6,0.75,0.632455532033676,0.0,1.0
Creamer,0,4,6,0.75,0.632455532033676,0.5,1.0
Creamer,0,4,6,0.75,0.632455532033676,0.5,1.0
Creamer,0,4,6,0.75,0.632455532033676,1.0,1.0
Creamer,0,4,6,0.75,0.632455532033676,1.0,1.0
Creamer,0,4,6,0.75,0.632455532033676,1.0,1.0
Creamer,0,4,6,0.75,0.632455532033676,1.0,1.0
Creamer,0,4,6,0.75,0.632455532033676,1.0,1.0
Creamer,0,4,6,0.75,0.632455532033676,1.0,1.0
Creamer,0,4,6,0.75,0.632455532033676,1.0,1.0
Creamer,0,4,6,0.75,0.632455532033676,1.0,1.0
Creamer,0,4,6,0.75,0.632455532033676,1.0,1.0
Creamer,0,4,6,0.75,0.7378647873726218,0.0,1.0
Creamer,0,4,6,0.75,0.7378647873726218,0.0,1.0
Creamer,0,4,6,0.75,0.7378647873726218,0.0,1.0
Creamer,0,4,6,0.75,0.7378647873726218,0.5,1.0
Creamer,0,4,6,0.75,0.7378647873726218,0.5,1.0
Creamer,0,4,6,0.75,0.7378647873726218,0.5,1.0
Creamer,0,4,6,0.75,0.7378647873726218,0.5,1.0
Creamer,0,4,6,0.75,0.7745966692414834,0.3333333333333333,1.0
Creamer,0,4,6,0.75,0.7745966692414834,0.3333333333333333,1.0
Creamer,0,4,6,0.75,0.7745966692414834,1.0,1.0
Creamer,0,4,6,0.75,0.7745966692414834,1.0,1.0
Creamer,0,4,6,0.75,0.7745966692414834,1.0,1.0
Creamer,0,4,6,0.75,0.7745966692414834,1.0,1.0
Creamer,0,4,6,0.75,0.7745966692414834,1.0,1.0
Creamer,0,4,6,0.8333333333333334,0.7999999999999999,0.0,1.0
Creamer,0,4,6,0.8333333333333334,0.7999999999999999,0.0,1.0
Creamer,0,4,6,0.8333333333333334,0.7999999999999999,0.0,1.0
Creamer,0,4,6,0.8333333333333334,0.7999999999999999,1.0,1.0
Creamer,0,4,6,0.8333333333333334,0.7999999999999999,1.0,1.0
Creamer,0,4,6,0.8333333333333334,0.7999999999999999,1.0,1.0
Creamer,0,4,6,0.8333333333333334,0.7999999999999999,1.0,1.0
Creamer,0,4,6,0.8333333333333334,0.7999999999999999,1.0,1.0
Creamer,0,4,6,0.8333333333333334,0.7999999999999999,1.0,1.0
Creamer,0,4,6,0.8333333333333334,0.7999999999999999,1.0,1.0
Creamer,0,4,6,0.8333333333333334,0.8944271909999159,0.5,1.0
Creamer,0,4,6,0.8333333333333334,0.8944271909999159,0.5,1.0
Creamer,0,4,6,0.8333333333333334,0.8944271909999159,0.5,1.0
Creamer,0,4,6,0.8333333333333334,0.8944271909999159,0.5,1.0
Creamer,0,4,6,0.9166666666666666,0.948683298050514,0.5,1.0
Creamer,0,4,6,0.9166666666666666,0.948683298050514,0.5,1.0
Creamer,0,4,6,0.9166666666666666,0.948683298050514,0.5,1.0
Creamer,0,4,6,0.9166666666666666,0.948683298050514,0.5,1.0
Creamer,0,4,6,0.9166666666666666,0.948683298050514,0.5,1.0
Creamer,0,4,6,0.9166666666666666,0.948683298050514,0.5,1.0
Creamer,0,4,6,0.9166666666666666,0.948683298050514,1.0,1.0
Creamer,0,4,6,0.9166666666666666,0.948683298050514,1.0,1.0
Creamer,0,4,6,0.9166666666666666,0.948683298050514,1.0,1.0
Creamer,0,4,6,0.9166666666666666,0.948683298050514,1.0,1.0
Creamer,0,4,6,0.9166666666666666,0.948683298050514,1.0,1.0
Creamer,0,4,6,0.9166666666666666,0.948683298050514,1.0,1.0
Creamer,0,4,6,0.9166666666666666,0.948683298050514,1.0,1.0
Creamer,0,4,6,0.9166666666666666,0.948683298050514,1.0,1.0
Creamer,0,4,6,0.9166666666666666,0.948683298050514,1.0,1.0
Creamer,0,4,6,0.9166666666666666,0.948683298050514,1.0,1.0
Creamer,0,4,6,0.9166666666666666,0.948683298050514,1.0,1.0
Creamer,0,4,6,0.9166666666666666,0.948683298050514,1.0,1.0
Creamer,0,4,6,0.9166666666666666,0.948683298050514,1.0,1.0
Creamer,0,4,6,1.0,1.0,1.0,1.0
Creamer,0,4,6,1.0,1.0,1.0,1.0
Creamer,0,4,6,1.0,1.0,1.0,1.0
Creamer,0,4,6,1.0,1.0,1.0,1.0
Creamer,0,4,6,1.0,1.0,1.0,1.0
Creamer,0,4,6,1.0,1.0,1.0,1.0
Creamer,0,4,6,1.0,1.0,1.0,1.0
Creamer,0,4,6,1.0,1.0,1.0,1.0
Creamer,0,4,6,1.0,1.0,1.0,1.0
Creamer,0,4,6,1.0,1.0,1.0,1.0
Creamer,0,4,6,1.0,1.0,1.0,1.0
Creamer,1,5,10,0.15,-0.8944271909999157,0.0,0.0
Creamer,1,5,10,0.15,-0.8207826816681233,0.0,0.0
Creamer,1,5,10,0.15,-0.8207826816681233,0.0,0.0
Creamer,1,5,10,0.25,-0.6668859288553501,0.0,0.0
Creamer,1,5,10,0.25,-0.5642880936468347,0.0,0.0
Creamer,1,5,10,0.3,-0.7071067811865475,0.0,0.0
Creamer,1,5,10,0.3,-0.6324555320336759,0.0,0.0
Creamer,1,5,10,0.3,-0.5270462766947299,0.0,1.0
Creamer,1,5,10,0.3,-0.4743416490252569,0.0,0.0
Creamer,1,5,10,0.35,-0.3354101966249684,0.3333333333333333,1.0
Creamer,1,5,10,0.4,-0.2886751345948128,0.0,0.3333333333333333
Creamer,1,5,10,0.4,-0.2635231383473649,0.0,0.5
Creamer,1,5,10,0.45,-0.2236067977499789,0.0,0.6666666666666666
Creamer,1,5,10,0.45,-0.2051956704170308,0.0,0.0
Creamer,1,5,10,0.45,-0.2051956704170308,0.0,1.0
Creamer,1,5,10,0.45,-0.1538967528127731,0.0,0.0
Creamer,1,5,10,0.45,-0.1538967528127731,0.0,1.0
Creamer,1,5,10,0.5,0.0,0.0,0.0
Creamer,1,5,10,0.5,0.0,0.0,0.0
Creamer,1,5,10,0.5,0.0,0.3333333333333333,1.0
Creamer,1,5,10,0.5,0.0,0.5,1.0
Creamer,1,5,10,0.5,0.0527046276694729,0.0,1.0
Creamer,1,5,10,0.5,0.1054092553389459,0.0,0.5
Creamer,1,5,10,0.5,,0.2,0.6
Creamer,1,5,10,0.55,-0.0512989176042577,0.0,0.0
Creamer,1,5,10,0.55,0.1025978352085154,0.0,1.0
Creamer,1,5,10,0.55,0.1118033988749894,0.3333333333333333,1.0
Creamer,1,5,10,0.55,0.1538967528127731,0.0,0.0
Creamer,1,5,10,0.55,0.1538967528127731,0.0,1.0
Creamer,1,5,10,0.55,0.2051956704170308,0.0,0.0
Creamer,1,5,10,0.55,0.2051956704170308,0.0,0.0
Creamer,1,5,10,0.55,0.2051956704170308,0.0,1.0
Creamer,1,5,10,0.55,0.2051956704170308,0.0,1.0
Creamer,1,5,10,0.55,0.2236067977499789,0.0,0.0
Creamer,1,5,10,0.55,0.2236067977499789,0.0,0.6666666666666666
Creamer,1,5,10,0.55,0.2236067977499789,0.0,0.6666666666666666
Creamer,1,5,10,0.6,0.1581138830084189,0.5,1.0
Creamer,1,5,10,0.6,0.2108185106778919,0.5,1.0
Creamer,1,5,10,0.6,0.2886751345948128,0.0,0.3333333333333333
Creamer,1,5,10,0.6,0.2886751345948128,0.3333333333333333,1.0
Creamer,1,5,10,0.6,0.2886751345948128,0.5,1.0
Creamer,1,5,10,0.6,0.3162277660168379,0.0,0.5
Creamer,1,5,10,0.6,0.3162277660168379,0.0,0.5
Creamer,1,5,10,0.6,0.3162277660168379,0.0,0.5
Creamer,1,5,10,0.65,0.2051956704170308,0.0,0.0
Creamer,1,5,10,0.65,0.3077935056255462,0.0,1.0
Creamer,1,5,10,0.65,0.3590924232298039,0.0,0.0
Creamer,1,5,10,0.65,0.3590924232298039,0.0,1.0
Creamer,1,5,10,0.65,0.3590924232298039,0.0,1.0
Creamer,1,5,10,0.65,0.4472135954999578,0.0,0.6666666666666666
Creamer,1,5,10,0.65,0.4472135954999578,0.0,0.6666666666666666
Creamer,1,5,10,0.65,0.4472135954999578,0.3333333333333333,1.0
Creamer,1,5,10,0.65,0.4616902584383193,0.5,1.0
Creamer,1,5,10,0.7,0.4743416490252569,0.5,1.0
Creamer,1,5,10,0.7,0.4743416490252569,0.5,1.0
Creamer,1,5,10,0.7,0.5270462766947299,0.0,0.5
Creamer,1,5,10,0.7,0.5270462766947299,0.5,1.0
Creamer,1,5,10,0.7,0.5773502691896257,0.3333333333333333,1.0
Creamer,1,5,10,0.7,0.6,1.0,1.0
Creamer,1,5,10,0.7,0.7071067811865475,0.25,0.75
Creamer,1,5,10,0.7,0.7071067811865475,0.25,0.75
Creamer,1,5,10,0.7,0.7071067811865475,1.0,1.0
Creamer,1,5,10,0.75,0.5642880936468347,0.0,0.5
Creamer,1,5,10,0.75,0.6155870112510925,0.5,1.0
Creamer,1,5,10,0.75,0.6155870112510925,0.5,1.0
Creamer,1,5,10,0.75,0.6155870112510925,0.5,1.0
Creamer,1,5,10,0.75,0.6668859288553501,0.0,1.0
Creamer,1,5,10,0.75,0.6668859288553501,0.0,1.0
Creamer,1,5,10,0.75,0.6668859288553501,0.5,1.0
Creamer,1,5,10,0.75,0.6668859288553501,1.0,1.0
Creamer,1,5,10,0.75,0.6668859288553501,1.0,1.0
Creamer,1,5,10,0.75,0.6708203932499368,0.0,0.6666666666666666
Creamer,1,5,10,0.75,0.6708203932499368,0.3333333333333333,1.0
Creamer,1,5,10,0.75,0.6708203932499368,1.0,1.0
Creamer,1,5,10,0.75,0.7181848464596079,0.0,1.0
Creamer,1,5,10,0.75,0.7826237921249264,0.3333333333333333,1.0
Creamer,1,5,10,0.8,0.7,0.0,1.0
Creamer,1,5,10,0.8,0.7,1.0,1.0
Creamer,1,5,10,0.8,0.7,1.0,1.0
Creamer,1,5,10,0.8,0.7,1.0,1.0
Creamer,1,5,10,0.8,0.7378647873726218,1.0,1.0
Creamer,1,5,10,0.8,0.7378647873726218,1.0,1.0
Creamer,1,5,10,0.8,0.7905694150420948,0.5,1.0
Creamer,1,5,10,0.8,0.8660254037844386,0.5,1.0
Creamer,1,5,10,0.85,0.8207826816681233,0.5,1.0
Creamer,1,5,10,0.85,0.8207826816681233,0.5,1.0
Creamer,1,5,10,0.85,0.8207826816681233,1.0,1.0
Creamer,1,5,10,0.85,0.8720815992723809,0.5,1.0
Creamer,1,5,10,0.85,0.8944271909999157,0.3333333333333333,1.0
Creamer,1,5,10,0.85,0.8944271909999157,1.0,1.0
Creamer,1,5,10,0.85,0.8944271909999157,1.0,1.0
Creamer,1,5,10,0.9,0.8999999999999998,0.0,1.0
Creamer,1,5,10,0.9,0.9486832980505138,0.5,1.0
Creamer,1,5,10,0.9,0.9486832980505138,0.5,1.0
Creamer,1,5,10,0.9,0.9486832980505138,1.0,1.0
Creamer,1,5,10,0.95,0.9746794344808964,0.5,1.0
Deli_Ham,0,5,10,0.15,-0.8720815992723809,0.0,0.0
Deli_Ham,0,5,10,0.2,-0.8660254037844386,0.0,0.3333333333333333
Deli_Ham,0,5,10,0.2,-0.7378647873726218,0.0,0.0
Deli_Ham,0,5,10,0.25,-0.7826237921249264,0.0,0.0
Deli_Ham,0,5,10,0.25,-0.7181848464596079,0.0,0.0
Deli_Ham,0,5,10,0.25,-0.7181848464596079,0.0,0.0
Deli_Ham,0,5,10,0.3,-0.7071067811865475,0.0,0.5
Deli_Ham,0,5,10,0.3,-0.5773502691896257,0.0,0.0
Deli_Ham,0,5,10,0.35,-0.4616902584383193,0.0,0.0
Deli_Ham,0,5,10,0.35,-0.4616902584383193,0.0,0.5
Deli_Ham,0,5,10,0.4,-0.3535533905932737,0.25,0.75
Deli_Ham,0,5,10,0.4,-0.3535533905932737,0.25,0.75
Deli_Ham,0,5,10,0.4,-0.2886751345948128,0.0,0.3333333333333333
Deli_Ham,0,5,10,0.4,-0.2108185106778919,0.0,0.0
Deli_Ham,0,5,10,0.4,-0.1581138830084189,0.0,0.0
Deli_Ham,0,5,10,0.45,-0.2236067977499789,0.0,0.6666666666666666
Deli_Ham,0,5,10,0.5,0.0,0.0,0.3333333333333333
Deli_Ham,0,5,10,0.5,0.0,0.25,0.75
Deli_Ham,0,5,10,0.5,0.0,0.3333333333333333,1.0
Deli_Ham,0,5,10,0.5,0.1054092553389459,1.0,1.0
Deli_Ham,0,5,10,0.5,,0.2,0.6
Deli_Ham,0,5,10,0.55,0.0512989176042577,0.5,1.0
Deli_Ham,0,5,10,0.55,0.1025978352085154,0.0,0.0
Deli_Ham,0,5,10,0.55,0.1025978352085154,0.0,0.5
Deli_Ham,0,5,10,0.55,0.1118033988749894,0.0,0.3333333333333333
Deli_Ham,0,5,10,0.55,0.1538967528127731,0.0,0.0
Deli_Ham,0,5,10,0.55,0.1538967528127731,0.0,1.0
Deli_Ham,0,5,10,0.55,0.2051956704170308,0.0,1.0
Deli_Ham,0,5,10,0.55,0.2236067977499789,0.0,0.6666666666666666
Deli_Ham,0,5,10,0.55,0.2236067977499789,0.0,0.6666666666666666
Deli_Ham,0,5,10,0.55,0.2236067977499789,0.0,0.6666666666666666
Deli_Ham,0,5,10,0.55,0.2236067977499789,1.0,1.0
Deli_Ham,0,5,10,0.55,0.2236067977499789,1.0,1.0
Deli_Ham,0,5,10,0.6,0.2886751345948128,0.3333333333333333,1.0
Deli_Ham,0,5,10,0.6,0.2886751345948128,0.3333333333333333,1.0
Deli_Ham,0,5,10,0.6,0.2886751345948128,0.5,1.0
Deli_Ham,0,5,10,0.6,0.2886751345948128,0.5,1.0
Deli_Ham,0,5,10,0.6,0.3162277660168379,0.0,0.5
Deli_Ham,0,5,10,0.6,0.3162277660168379,0.0,1.0
Deli_Ham,0,5,10,0.6,0.3535533905932737,0.0,0.5
Deli_Ham,0,5,10,0.6,0.3535533905932737,0.0,0.5
Deli_Ham,0,5,10,0.6,0.3689323936863109,0.0,1.0
Deli_Ham,0,5,10,0.65,0.3077935056255462,0.0,1.0
Deli_Ham,0,5,10,0.65,0.3590924232298039,1.0,1.0
Deli_Ham,0,5,10,0.65,0.4103913408340616,0.0,0.5
Deli_Ham,0,5,10,0.65,0.4103913408340616,1.0,1.0
Deli_Ham,0,5,10,0.65,0.4472135954999578,0.0,0.6666666666666666
Deli_Ham,0,5,10,0.65,0.4472135954999578,0.0,0.6666666666666666
Deli_Ham,0,5,10,0.65,0.4472135954999578,0.3333333333333333,1.0
Deli_Ham,0,5,10,0.65,0.4472135954999578,1.0,1.0
Deli_Ham,0,5,10,0.65,0.4472135954999578,1.0,1.0
Deli_Ham,0,5,10,0.65,0.4616902584383193,0.0,1.0
Deli_Ham,0,5,10,0.65,0.4616902584383193,1.0,1.0
Deli_Ham,0,5,10,0.65,0.4616902584383193,1.0,1.0
Deli_Ham,0,5,10,0.7,0.4999999999999999,0.0,1.0
Deli_Ham,0,5,10,0.7,0.5270462766947299,1.0,1.0
Deli_Ham,0,5,10,0.7,0.5270462766947299,1.0,1.0
Deli_Ham,0,5,10,0.7,0.5270462766947299,1.0,1.0
Deli_Ham,0,5,10,0.7,0.5773502691896257,0.5,1.0
Deli_Ham,0,5,10,0.7,0.6,0.0,1.0
Deli_Ham,0,5,10,0.7,0.6324555320336759,0.5,1.0
Deli_Ham,0,5,10,0.7,0.7071067811865475,0.25,0.75
Deli_Ham,0,5,10,0.7,0.7071067811865475,0.25,0.75
Deli_Ham,0,5,10,0.7,0.7071067811865475,1.0,1.0
Deli_Ham,0,5,10,0.7,0.7071067811865475,1.0,1.0
Deli_Ham,0,5,10,0.7,0.7071067811865475,1.0,1.0
Deli_Ham,0,5,10,0.75,0.6155870112510925,1.0,1.0
Deli_Ham,0,5,10,0.75,0.6155870112510925,1.0,1.0
Deli_Ham,0,5,10,0.75,0.6668859288553501,0.5,1.0
Deli_Ham,0,5,10,0.75,0.6668859288553501,1.0,1.0
Deli_Ham,0,5,10,0.75,0.6668859288553501,1.0,1.0
Deli_Ham,0,5,10,0.75,0.6668859288553501,1.0,1.0
Deli_Ham,0,5,10,0.75,0.6708203932499368,1.0,1.0
Deli_Ham,0,5,10,0.75,0.6708203932499368,1.0,1.0
Deli_Ham,0,5,10,0.75,0.6708203932499368,1.0,1.0
Deli_Ham,0,5,10,0.75,0.6708203932499368,1.0,1.0
Deli_Ham,0,5,10,0.75,0.6708203932499368,1.0,1.0
Deli_Ham,0,5,10,0.75,0.6708203932499368,1.0,1.0
Deli_Ham,0,5,10,0.75,0.7181848464596079,0.0,1.0
Deli_Ham,0,5,10,0.75,0.7181848464596079,0.0,1.0
Deli_Ham,0,5,10,0.75,0.7181848464596079,0.0,1.0
Deli_Ham,0,5,10,0.75,0.7181848464596079,0.5,1.0
Deli_Ham,0,5,10,0.8,0.7378647873726218,0.5,1.0
Deli_Ham,0,5,10,0.8,0.7378647873726218,0.5,1.0
Deli_Ham,0,5,10,0.8,0.7378647873726218,0.5,1.0
Deli_Ham,0,5,10,0.8,0.7905694150420948,0.0,1.0
Deli_Ham,0,5,10,0.8,0.7999999999999999,0.0,1.0
Deli_Ham,0,5,10,0.8,0.8660254037844386,0.3333333333333333,1.0
Deli_Ham,0,5,10,0.8,0.8660254037844386,0.5,1.0
Deli_Ham,0,5,10,0.8,0.8660254037844386,0.5,1.0
Deli_Ham,0,5,10,0.8,0.8660254037844386,0.5,1.0
Deli_Ham,0,5,10,0.85,0.8207826816681233,0.0,1.0
Deli_Ham,0,5,10,0.85,0.8207826816681233,1.0,1.0
Deli_Ham,0,5,10,0.85,0.8207826816681233,1.0,1.0
Deli_Ham,0,5,10,0.85,0.8720815992723809,0.5,1.0
Deli_Ham,0,5,10,0.85,0.8720815992723809,1.0,1.0
Deli_Ham,0,5,10,0.85,0.8720815992723809,1.0,1.0
Deli_Ham,0,5,10,0.85,0.8720815992723809,1.0,1.0
Deli_Ham,0,5,10,0.85,0.8944271909999157,1.0,1.0
Deli_Ham,0,5,10,0.85,0.8944271909999157,1.0,1.0
Deli_Ham,0,5,10,0.9,0.9486832980505138,0.5,1.0
Deli_Ham,0,5,10,0.95,0.9746794344808964,1.0,1.0
Deli_Ham,0,5,10,0.95,0.9746794344808964,1.0,1.0
Deli_Ham,0,5,10,0.95,0.9746794344808964,1.0,1.0
Deli_Ham,0,5,10,1.0,1.0,1.0,1.0
Deli_Ham,1,4,6,0.0833333333333333,-1.0,0.0,0.0
Deli_Ham,1,4,6,0.1666666666666666,-0.9428090415820634,0.0,0.5
Deli_Ham,1,4,6,0.1666666666666666,-0.7999999999999999,0.0,0.0
Deli_Ham,1,4,6,0.1666666666666666,-0.7999999999999999,0.0,1.0
Deli_Ham,1,4,6,0.25,-0.7777777777777779,0.0,1.0
Deli_Ham,1,4,6,0.25,-0.7745966692414834,0.0,0.6666666666666666
Deli_Ham,1,4,6,0.25,-0.7745966692414834,0.0,0.6666666666666666
Deli_Ham,1,4,6,0.25,-0.7745966692414834,0.0,0.6666666666666666
Deli_Ham,1,4,6,0.25,-0.7745966692414834,0.0,0.6666666666666666
Deli_Ham,1,4,6,0.25,-0.7745966692414834,0.0,0.6666666666666666
Deli_Ham,1,4,6,0.25,-0.7745966692414834,0.0,0.6666666666666666
Deli_Ham,1,4,6,0.25,-0.632455532033676,0.0,0.0
Deli_Ham,1,4,6,0.25,-0.632455532033676,0.0,0.0
Deli_Ham,1,4,6,0.25,-0.632455532033676,0.0,0.0
Deli_Ham,1,4,6,0.25,-0.632455532033676,0.0,0.5
Deli_Ham,1,4,6,0.25,-0.632455532033676,0.0,0.5
Deli_Ham,1,4,6,0.25,-0.632455532033676,0.0,0.5
Deli_Ham,1,4,6,0.25,-0.632455532033676,0.0,1.0
Deli_Ham,1,4,6,0.25,-0.632455532033676,0.0,1.0
Deli_Ham,1,4,6,0.25,-0.632455532033676,0.0,1.0
Deli_Ham,1,4,6,0.3333333333333333,-0.4472135954999579,0.0,0.5
Deli_Ham,1,4,6,0.3333333333333333,-0.4472135954999579,0.0,0.5
Deli_Ham,1,4,6,0.3333333333333333,-0.4472135954999579,0.0,0.5
Deli_Ham,1,4,6,0.3333333333333333,-0.4472135954999579,0.0,0.5
Deli_Ham,1,4,6,0.3333333333333333,-0.3999999999999999,0.0,0.0
Deli_Ham,1,4,6,0.3333333333333333,-0.3999999999999999,0.0,0.0
Deli_Ham,1,4,6,0.4166666666666667,-0.316227766016838,0.0,1.0
Deli_Ham,1,4,6,0.4166666666666667,-0.316227766016838,0.0,1.0
Deli_Ham,1,4,6,0.4166666666666667,-0.316227766016838,0.0,1.0
Deli_Ham,1,4,6,0.4166666666666667,-0.316227766016838,0.0,1.0
Deli_Ham,1,4,6,0.4166666666666667,-0.316227766016838,0.0,1.0
Deli_Ham,1,4,6,0.4166666666666667,-0.316227766016838,0.0,1.0
Deli_Ham,1,4,6,0.4166666666666667,-0.316227766016838,0.0,1.0
Deli_Ham,1,4,6,0.4166666666666667,-0.316227766016838,0.0,1.0
Deli_Ham,1,4,6,0.4166666666666667,-0.2721655269759087,0.3333333333333333,1.0
Deli_Ham,1,4,6,0.4166666666666667,-0.2721655269759087,0.3333333333333333,1.0
Deli_Ham,1,4,6,0.4166666666666667,-0.2108185106778919,0.0,0.5
Deli_Ham,1,4,6,0.4166666666666667,-0.2108185106778919,0.0,0.5
Deli_Ham,1,4,6,0.4166666666666667,-0.2108185106778919,0.0,0.5
Deli_Ham,1,4,6,0.4166666666666667,-0.2108185106778919,0.0,0.5
Deli_Ham,1,4,6,0.4166666666666667,-0.2108185106778919,0.0,1.0
Deli_Ham,1,4,6,0.4166666666666667,-0.2108185106778919,0.0,1.0
Deli_Ham,1,4,6,0.4166666666666667,-0.1054092553389459,0.5,1.0
Deli_Ham,1,4,6,0.5,-0.1999999999999999,0.0,1.0
Deli_Ham,1,4,6,0.5,0.0,0.5,1.0
Deli_Ham,1,4,6,0.5,0.0,0.5,1.0
Deli_Ham,1,4,6,0.5,0.0,0.5,1.0
Deli_Ham,1,4,6,0.5,0.1999999999999999,1.0,1.0
Deli_Ham,1,4,6,0.5,0.1999999999999999,1.0,1.0
Deli_Ham,1,4,6,0.5,0.1999999999999999,1.0,1.0
Deli_Ham,1,4,6,0.5,,0.25,0.75
Deli_Ham,1,4,6,0.5,,0.25,0.75
Deli_Ham,1,4,6,0.5,,0.25,0.75
Deli_Ham,1,4,6,0.5,,0.25,0.75
Deli_Ham,1,4,6,0.5833333333333334,0.1054092553389459,0.5,1.0
Deli_Ham,1,4,6,0.5833333333333334,0.1054092553389459,0.5,1.0
Deli_Ham,1,4,6,0.5833333333333334,0.2581988897471611,0.3333333333333333,1.0
Deli_Ham,1,4,6,0.5833333333333334,0.2581988897471611,0.3333333333333333,1.0
Deli_Ham,1,4,6,0.5833333333333334,0.2581988897471611,0.3333333333333333,1.0
Deli_Ham,1,4,6,0.5833333333333334,0.2581988897471611,0.3333333333333333,1.0
Deli_Ham,1,4,6,0.5833333333333334,0.2581988897471611,0.3333333333333333,1.0
Deli_Ham,1,4,6,0.5833333333333334,0.2581988897471611,0.3333333333333333,1.0
Deli_Ham,1,4,6,0.5833333333333334,0.2721655269759087,0.0,0.6666666666666666
Deli_Ham,1,4,6,0.5833333333333334,0.2721655269759087,0.0,0.6666666666666666
Deli_Ham,1,4,6,0.5833333333333334,0.2721655269759087,0.0,0.6666666666666666
Deli_Ham,1,4,6,0.5833333333333334,0.2721655269759087,0.0,0.6666666666666666
Deli_Ham,1,4,6,0.5833333333333334,0.316227766016838,0.0,1.0
Deli_Ham,1,4,6,0.5833333333333334,0.316227766016838,0.0,1.0
Deli_Ham,1,4,6,0.5833333333333334,0.316227766016838,1.0,1.0
Deli_Ham,1,4,6,0.5833333333333334,0.316227766016838,1.0,1.0
Deli_Ham,1,4,6,0.5833333333333334,0.316227766016838,1.0,1.0
Deli_Ham,1,4,6,0.6666666666666666,0.3999999999999999,1.0,1.0
Deli_Ham,1,4,6,0.6666666666666666,0.3999999999999999,1.0,1.0
Deli_Ham,1,4,6,0.6666666666666666,0.3999999999999999,1.0,1.0
Deli_Ham,1,4,6,0.6666666666666666,0.6000000000000001,0.0,1.0
Deli_Ham,1,4,6,0.75,0.632455532033676,1.0,1.0
Deli_Ham,1,4,6,0.75,0.632455532033676,1.0,1.0
Deli_Ham,1,4,6,0.75,0.632455532033676,1.0,1.0
Deli_Ham,1,4,6,0.75,0.632455532033676,1.0,1.0
Deli_Ham,1,4,6,0.75,0.7378647873726218,0.5,1.0
Deli_Ham,1,4,6,0.75,0.7378647873726218,0.5,1.0
Deli_Ham,1,4,6,0.75,0.7378647873726218,0.5,1.0
Deli_Ham,1,4,6,0.75,0.7378647873726218,0.5,1.0
Deli_Ham,1,4,6,0.75,0.7378647873726218,0.5,1.0
Deli_Ham,1,4,6,0.75,0.7777777777777779,0.0,1.0
Deli_Ham,1,4,6,0.75,0.8164965809277261,1.0,1.0
Deli_Ham,1,4,6,0.75,0.8164965809277261,1.0,1.0
Deli_Ham,1,4,6,0.75,0.8164965809277261,1.0,1.0
Deli_Ham,1,4,6,0.75,0.8164965809277261,1.0,1.0
Deli_Ham,1,4,6,0.75,0.8164965809277261,1.0,1.0
Deli_Ham,1,4,6,0.75,0.8164965809277261,1.0,1.0
Deli_Ham,1,4,6,0.75,0.8164965809277261,1.0,1.0
Deli_Ham,1,4,6,0.8333333333333334,0.9428090415820634,0.5,1.0
Deli_Ham,1,4,6,0.8333333333333334,0.9428090415820634,0.5,1.0
Deli_Ham,1,4,6,0.8333333333333334,0.9428090415820634,0.5,1.0
Deli_Ham,1,4,6,0.8333333333333334,0.9428090415820634,0.5,1.0
Deli_Ham,1,4,6,0.9166666666666666,1.0,1.0,1.0
Deli_Ham,1,4,6,0.9166666666666666,1.0,1.0,1.0
Deli_Turkey,0,3,3,0.1666666666666666,-0.8660254037844387,0.0,1.0
Deli_Turkey,0,3,3,0.1666666666666666,-0.8660254037844387,0.0,1.0
Deli_Turkey,0,3,3,0.3333333333333333,-0.5,0.0,1.0
Deli_Turkey,0,3,3,0.3333333333333333,-0.5,0.0,1.0
Deli_Turkey,0,3,3,0.3333333333333333,-0.5,0.0,1.0
Deli_Turkey,0,3,3,0.5,0.0,0.0,1.0
Deli_Turkey,0,3,3,0.5,0.0,0.0,1.0
Deli_Turkey,0,3,3,0.5,0.0,0.0,1.0
Deli_Turkey,0,3,3,0.5,0.0,0.0,1.0
Deli_Turkey,0,3,3,0.5,0.0,0.0,1.0
Deli_Turkey,0,3,3,0.5,0.0,0.0,1.0
Deli_Turkey,0,3,3,0.5,0.0,0.0,1.0
Deli_Turkey,0,3,3,0.5,0.0,0.0,1.0
Deli_Turkey,0,3,3,0.5,0.0,0.0,1.0
Deli_Turkey,0,3,3,0.5,0.0,0.0,1.0
Deli_Turkey,0,3,3,0.5,0.0,0.0,1.0
Deli_Turkey,0,3,3,0.5,0.0,0.0,1.0
Deli_Turkey,0,3,3,0.5,0.0,0.5,1.0
Deli_Turkey,0,3,3,0.5,0.0,0.5,1.0
Deli_Turkey,0,3,3,0.5,0.0,0.5,1.0
Deli_Turkey,0,3,3,0.5,0.0,0.5,1.0
Deli_Turkey,0,3,3,0.5,,0.3333333333333333,1.0
Deli_Turkey,0,3,3,0.5,,0.3333333333333333,1.0
Deli_Turkey,0,3,3,0.5,,0.3333333333333333,1.0
Deli_Turkey,0,3,3,0.5,,0.3333333333333333,1.0
Deli_Turkey,0,3,3,0.5,,0.3333333333333333,1.0
Deli_Turkey,0,3,3,0.5,,0.3333333333333333,1.0
Deli_Turkey,0,3,3,0.5,,0.3333333333333333,1.0
Deli_Turkey,0,3,3,0.5,,0.3333333333333333,1.0
Deli_Turkey,0,3,3,0.6666666666666666,0.5,0.0,1.0
Deli_Turkey,0,3,3,0.6666666666666666,0.5,0.0,1.0
Deli_Turkey,0,3,3,0.6666666666666666,0.5,0.0,1.0
Deli_Turkey,0,3,3,0.6666666666666666,0.5,0.0,1.0
Deli_Turkey,0,3,3,0.6666666666666666,0.5,0.0,1.0
Deli_Turkey,0,3,3,0.6666666666666666,0.5,0.0,1.0
Deli_Turkey,0,3,3,0.6666666666666666,0.5,0.0,1.0
Deli_Turkey,0,3,3,0.6666666666666666,0.5,0.0,1.0
Deli_Turkey,0,3,3,0.6666666666666666,0.5,0.0,1.0
Deli_Turkey,0,3,3,0.6666666666666666,0.5,0.0,1.0
Deli_Turkey,0,3,3,0.6666666666666666,0.5,0.0,1.0
Deli_Turkey,0,3,3,0.6666666666666666,0.5,0.0,1.0
Deli_Turkey,0,3,3,0.6666666666666666,0.5,0.0,1.0
Deli_Turkey,0,3,3,0.6666666666666666,0.5,0.0,1.0
Deli_Turkey,0,3,3,0.6666666666666666,0.5,0.0,1.0
Deli_Turkey,0,3,3,0.6666666666666666,0.5,0.0,1.0
Deli_Turkey,0,3,3,0.6666666666666666,0.5,0.0,1.0
Deli_Turkey,0,3,3,0.6666666666666666,0.5,1.0,1.0
Deli_Turkey,0,3,3,0.6666666666666666,0.5,1.0,1.0
Deli_Turkey,0,3,3,0.6666666666666666,0.5,1.0,1.0
Deli_Turkey,0,3,3,0.6666666666666666,0.5,1.0,1.0
Deli_Turkey,0,3,3,0.6666666666666666,0.5,1.0,1.0
Deli_Turkey,0,3,3,0.6666666666666666,0.5,1.0,1.0
Deli_Turkey,0,3,3,0.6666666666666666,0.5,1.0,1.0
Deli_Turkey,0,3,3,0.8333333333333334,0.8660254037844387,0.5,1.0
Deli_Turkey,0,3,3,0.8333333333333334,0.8660254037844387,0.5,1.0
Deli_Turkey,0,3,3,0.8333333333333334,0.8660254037844387,0.5,1.0
Deli_Turkey,0,3,3,0.8333333333333334,0.8660254037844387,0.5,1.0
Deli_Turkey,0,3,3,0.8333333333333334,0.8660254037844387,0.5,1.0
Deli_Turkey,0,3,3,0.8333333333333334,0.8660254037844387,0.5,1.0
Deli_Turkey,0,3,3,0.8333333333333334,0.8660254037844387,0.5,1.0
Deli_Turkey,0,3,3,0.8333333333333334,0.8660254037844387,0.5,1.0
Deli_Turkey,0,3,3,0.8333333333333334,0.8660254037844387,0.5,1.0
Deli_Turkey,0,3,3,0.8333333333333334,0.8660254037844387,0.5,1.0
Deli_Turkey,0,3,3,0.8333333333333334,0.8660254037844387,0.5,1.0
Deli_Turkey,0,3,3,0.8333333333333334,0.8660254037844387,0.5,1.0
Deli_Turkey,0,3,3,0.8333333333333334,0.8660254037844387,0.5,1.0
Deli_Turkey,0,3,3,0.8333333333333334,0.8660254037844387,0.5,1.0
Deli_Turkey,0,3,3,0.8333333333333334,0.8660254037844387,0.5,1.0
Deli_Turkey,0,3,3,0.8333333333333334,0.8660254037844387,0.5,1.0
Deli_Turkey,0,3,3,0.8333333333333334,0.8660254037844387,1.0,1.0
Deli_Turkey,0,3,3,0.8333333333333334,0.8660254037844387,1.0,1.0
Deli_Turkey,0,3,3,0.8333333333333334,0.8660254037844387,1.0,1.0
Deli_Turkey,0,3,3,0.8333333333333334,0.8660254037844387,1.0,1.0
Deli_Turkey,0,3,3,0.8333333333333334,0.8660254037844387,1.0,1.0
Deli_Turkey,0,3,3,0.8333333333333334,0.8660254037844387,1.0,1.0
Deli_Turkey,0,3,3,0.8333333333333334,0.8660254037844387,1.0,1.0
Deli_Turkey,0,3,3,0.8333333333333334,0.8660254037844387,1.0,1.0
Deli_Turkey,0,3,3,0.8333333333333334,0.8660254037844387,1.0,1.0
Deli_Turkey,0,3,3,0.8333333333333334,0.8660254037844387,1.0,1.0
Deli_Turkey,0,3,3,0.8333333333333334,0.8660254037844387,1.0,1.0
Deli_Turkey,0,3,3,0.8333333333333334,0.8660254037844387,1.0,1.0
Deli_Turkey,0,3,3,0.8333333333333334,0.8660254037844387,1.0,1.0
Deli_Turkey,0,3,3,0.8333333333333334,0.8660254037844387,1.0,1.0
Deli_Turkey,0,3,3,0.8333333333333334,0.8660254037844387,1.0,1.0
Deli_Turkey,0,3,3,0.8333333333333334,0.8660254037844387,1.0,1.0
Deli_Turkey,0,3,3,0.8333333333333334,0.8660254037844387,1.0,1.0
Deli_Turkey,0,3,3,0.8333333333333334,0.8660254037844387,1.0,1.0
Deli_Turkey,0,3,3,1.0,1.0,1.0,1.0
Deli_Turkey,0,3,3,1.0,1.0,1.0,1.0
Deli_Turkey,0,3,3,1.0,1.0,1.0,1.0
Deli_Turkey,0,3,3,1.0,1.0,1.0,1.0
Deli_Turkey,0,3,3,1.0,1.0,1.0,1.0
Deli_Turkey,0,3,3,1.0,1.0,1.0,1.0
Deli_Turkey,0,3,3,1.0,1.0,1.0,1.0
Deli_Turkey,0,3,3,1.0,1.0,1.0,1.0
Deli_Turkey,0,3,3,1.0,1.0,1.0,1.0
Deli_Turkey,0,3,3,1.0,1.0,1.0,1.0
Deli_Turkey,0,3,3,1.0,1.0,1.0,1.0
Deli_Turkey,0,3,3,1.0,1.0,1.0,1.0
Deli_Turkey,0,3,3,1.0,1.0,1.0,1.0
Deli_Turkey,0,3,3,1.0,1.0,1.0,1.0
Deli_Turkey,1,4,6,0.1666666666666666,-0.8944271909999159,0.0,0.5
Deli_Turkey,1,4,6,0.25,-0.7745966692414834,0.0,0.6666666666666666
Deli_Turkey,1,4,6,0.25,-0.7745966692414834,0.0,0.6666666666666666
Deli_Turkey,1,4,6,0.25,-0.7378647873726218,0.0,0.5
Deli_Turkey,1,4,6,0.25,-0.7378647873726218,0.0,0.5
Deli_Turkey,1,4,6,0.25,-0.7378647873726218,0.0,1.0
Deli_Turkey,1,4,6,0.25,-0.632455532033676,0.0,0.0
Deli_Turkey,1,4,6,0.3333333333333333,-0.6000000000000001,0.0,1.0
Deli_Turkey,1,4,6,0.3333333333333333,-0.4472135954999579,0.0,0.5
Deli_Turkey,1,4,6,0.3333333333333333,-0.3999999999999999,0.0,0.0
Deli_Turkey,1,4,6,0.4166666666666667,-0.316227766016838,0.0,0.0
Deli_Turkey,1,4,6,0.4166666666666667,-0.316227766016838,0.0,0.0
Deli_Turkey,1,4,6,0.4166666666666667,-0.316227766016838,0.0,1.0
Deli_Turkey,1,4,6,0.4166666666666667,-0.316227766016838,0.0,1.0
Deli_Turkey,1,4,6,0.4166666666666667,-0.316227766016838,0.0,1.0
Deli_Turkey,1,4,6,0.4166666666666667,-0.316227766016838,0.0,1.0
Deli_Turkey,1,4,6,0.4166666666666667,-0.316227766016838,0.0,1.0
Deli_Turkey,1,4,6,0.4166666666666667,-0.2581988897471611,0.0,0.6666666666666666
Deli_Turkey,1,4,6,0.4166666666666667,-0.2581988897471611,0.0,0.6666666666666666
Deli_Turkey,1,4,6,0.4166666666666667,-0.2581988897471611,0.0,0.6666666666666666
Deli_Turkey,1,4,6,0.4166666666666667,-0.2581988897471611,0.3333333333333333,1.0
Deli_Turkey,1,4,6,0.4166666666666667,-0.2581988897471611,0.3333333333333333,1.0
Deli_Turkey,1,4,6,0.4166666666666667,-0.2581988897471611,0.3333333333333333,1.0
Deli_Turkey,1,4,6,0.4166666666666667,-0.2581988897471611,0.3333333333333333,1.0
Deli_Turkey,1,4,6,0.4166666666666667,-0.1054092553389459,0.5,1.0
Deli_Turkey,1,4,6,0.5,0.0,0.0,0.5
Deli_Turkey,1,4,6,0.5,0.0,0.0,0.5
Deli_Turkey,1,4,6,0.5,0.0,0.0,1.0
Deli_Turkey,1,4,6,0.5,0.0,0.5,1.0
Deli_Turkey,1,4,6,0.5,,0.25,0.75
Deli_Turkey,1,4,6,0.5,,0.25,0.75
Deli_Turkey,1,4,6,0.5,,0.25,0.75
Deli_Turkey,1,4,6,0.5,,0.25,0.75
Deli_Turkey,1,4,6,0.5,,0.25,0.75
Deli_Turkey,1,4,6,0.5833333333333334,0.1054092553389459,0.5,1.0
Deli_Turkey,1,4,6,0.5833333333333334,0.2108185106778919,0.0,1.0
Deli_Turkey,1,4,6,0.5833333333333334,0.2581988897471611,0.0,0.6666666666666666
Deli_Turkey,1,4,6,0.5833333333333334,0.2581988897471611,0.0,0.6666666666666666
Deli_Turkey,1,4,6,0.5833333333333334,0.2581988897471611,0.0,0.6666666666666666
Deli_Turkey,1,4,6,0.5833333333333334,0.2581988897471611,0.3333333333333333,1.0
Deli_Turkey,1,4,6,0.5833333333333334,0.316227766016838,0.0,1.0
Deli_Turkey,1,4,6,0.5833333333333334,0.316227766016838,0.0,1.0
Deli_Turkey,1,4,6,0.5833333333333334,0.316227766016838,0.0,1.0
Deli_Turkey,1,4,6,0.5833333333333334,0.316227766016838,0.0,1.0
Deli_Turkey,1,4,6,0.5833333333333334,0.316227766016838,1.0,1.0
Deli_Turkey,1,4,6,0.5833333333333334,0.316227766016838,1.0,1.0
Deli_Turkey,1,4,6,0.5833333333333334,0.316227766016838,1.0,1.0
Deli_Turkey,1,4,6,0.6666666666666666,0.3999999999999999,0.0,1.0
Deli_Turkey,1,4,6,0.6666666666666666,0.3999999999999999,1.0,1.0
Deli_Turkey,1,4,6,0.6666666666666666,0.3999999999999999,1.0,1.0
Deli_Turkey,1,4,6,0.6666666666666666,0.3999999999999999,1.0,1.0
Deli_Turkey,1,4,6,0.6666666666666666,0.4472135954999579,0.5,1.0
Deli_Turkey,1,4,6,0.6666666666666666,0.4472135954999579,0.5,1.0
Deli_Turkey,1,4,6,0.6666666666666666,0.4472135954999579,0.5,1.0
Deli_Turkey,1,4,6,0.6666666666666666,0.6000000000000001,0.0,1.0
Deli_Turkey,1,4,6,0.75,0.632455532033676,0.0,1.0
Deli_Turkey,1,4,6,0.75,0.632455532033676,0.0,1.0
Deli_Turkey,1,4,6,0.75,0.632455532033676,1.0,1.0
Deli_Turkey,1,4,6,0.75,0.632455532033676,1.0,1.0
Deli_Turkey,1,4,6,0.75,0.632455532033676,1.0,1.0
Deli_Turkey,1,4,6,0.75,0.632455532033676,1.0,1.0
Deli_Turkey,1,4,6,0.75,0.7378647873726218,0.0,1.0
Deli_Turkey,1,4,6,0.75,0.7378647873726218,0.0,1.0
Deli_Turkey,1,4,6,0.75,0.7378647873726218,0.0,1.0
Deli_Turkey,1,4,6,0.75,0.7378647873726218,0.0,1.0
Deli_Turkey,1,4,6,0.75,0.7378647873726218,0.5,1.0
Deli_Turkey,1,4,6,0.75,0.7378647873726218,0.5,1.0
Deli_Turkey,1,4,6,0.75,0.7745966692414834,0.3333333333333333,1.0
Deli_Turkey,1,4,6,0.75,0.7745966692414834,0.3333333333333333,1.0
Deli_Turkey,1,4,6,0.75,0.7745966692414834,0.3333333333333333,1.0
Deli_Turkey,1,4,6,0.75,0.7745966692414834,0.3333333333333333,1.0
Deli_Turkey,1,4,6,0.75,0.7745966692414834,0.3333333333333333,1.0
Deli_Turkey,1,4,6,0.75,0.7745966692414834,0.3333333333333333,1.0
Deli_Turkey,1,4,6,0.75,0.7745966692414834,0.3333333333333333,1.0
Deli_Turkey,1,4,6,0.75,0.7745966692414834,0.3333333333333333,1.0
Deli_Turkey,1,4,6,0.75,0.7745966692414834,1.0,1.0
Deli_Turkey,1,4,6,0.75,0.7745966692414834,1.0,1.0
Deli_Turkey,1,4,6,0.75,0.7745966692414834,1.0,1.0
Deli_Turkey,1,4,6,0.75,0.7745966692414834,1.0,1.0
Deli_Turkey,1,4,6,0.75,0.7745966692414834,1.0,1.0
Deli_Turkey,1,4,6,0.75,0.7745966692414834,1.0,1.0
Deli_Turkey,1,4,6,0.75,0.7745966692414834,1.0,1.0
Deli_Turkey,1,4,6,0.8333333333333334,0.8944271909999159,0.5,1.0
Deli_Turkey,1,4,6,0.8333333333333334,0.8944271909999159,0.5,1.0
Deli_Turkey,1,4,6,0.8333333333333334,0.8944271909999159,0.5,1.0
Deli_Turkey,1,4,6,0.8333333333333334,0.8944271909999159,0.5,1.0
Deli_Turkey,1,4,6,0.8333333333333334,0.8944271909999159,0.5,1.0
Deli_Turkey,1,4,6,0.8333333333333334,0.8944271909999159,0.5,1.0
Deli_Turkey,1,4,6,0.8333333333333334,0.8944271909999159,0.5,1.0
Deli_Turkey,1,4,6,0.9166666666666666,0.948683298050514,0.5,1.0
Deli_Turkey,1,4,6,0.9166666666666666,0.948683298050514,0.5,1.0
Deli_Turkey,1,4,6,0.9166666666666666,0.948683298050514,1.0,1.0
Deli_Turkey,1,4,6,0.9166666666666666,0.948683298050514,1.0,1.0
Deli_Turkey,1,4,6,0.9166666666666666,0.948683298050514,1.0,1.0
Deli_Turkey,1,4,6,0.9166666666666666,0.948683298050514,1.0,1.0
Deli_Turkey,1,4,6,0.9166666666666666,0.948683298050514,1.0,1.0
Deli_Turkey,1,4,6,0.9166666666666666,0.948683298050514,1.0,1.0
Deli_Turkey,1,4,6,0.9166666666666666,0.948683298050514,1.0,1.0
Deli_Turkey,1,4,6,1.0,1.0,1.0,1.0
Deli_Turkey,1,4,6,1.0,1.0,1.0,1.0
Hot_Dogs,0,5,10,0.2,-0.7905694150420948,0.0,0.5
Hot_Dogs,0,5,10,0.3,-0.6324555320336759,0.0,0.0
Hot_Dogs,0,5,10,0.35,-0.4616902584383193,0.0,0.0
Hot_Dogs,0,5,10,0.35,-0.3590924232298039,0.0,1.0
Hot_Dogs,0,5,10,0.4,-0.2886751345948128,0.0,0.3333333333333333
Hot_Dogs,0,5,10,0.4,-0.2108185106778919,0.0,0.0
Hot_Dogs,0,5,10,0.4,-0.1581138830084189,0.0,0.0
Hot_Dogs,0,5,10,0.45,-0.2236067977499789,0.0,0.3333333333333333
Hot_Dogs,0,5,10,0.45,-0.2051956704170308,0.0,1.0
Hot_Dogs,0,5,10,0.45,-0.1118033988749894,0.0,0.3333333333333333
Hot_Dogs,0,5,10,0.45,-0.1025978352085154,0.0,1.0
Hot_Dogs,0,5,10,0.45,0.0512989176042577,1.0,1.0
Hot_Dogs,0,5,10,0.5,0.0999999999999999,1.0,1.0
Hot_Dogs,0,5,10,0.55,0.1538967528127731,1.0,1.0
Hot_Dogs,0,5,10,0.55,0.2051956704170308,0.0,0.0
Hot_Dogs,0,5,10,0.55,0.2236067977499789,0.0,0.6666666666666666
Hot_Dogs,0,5,10,0.55,0.2236067977499789,1.0,1.0
Hot_Dogs,0,5,10,0.6,0.1581138830084189,0.0,0.0
Hot_Dogs,0,5,10,0.6,0.2108185106778919,0.5,1.0
Hot_Dogs,0,5,10,0.6,0.2635231383473649,0.5,1.0
Hot_Dogs,0,5,10,0.6,0.2886751345948128,0.0,0.3333333333333333
Hot_Dogs,0,5,10,0.6,0.2886751345948128,0.0,0.3333333333333333
Hot_Dogs,0,5,10,0.6,0.2886751345948128,0.3333333333333333,1.0
Hot_Dogs,0,5,10,0.6,0.2886751345948128,0.5,1.0
Hot_Dogs,0,5,10,0.6,0.3535533905932737,0.25,0.75
Hot_Dogs,0,5,10,0.65,0.3077935056255462,0.0,1.0
Hot_Dogs,0,5,10,0.65,0.3354101966249684,0.0,0.3333333333333333
Hot_Dogs,0,5,10,0.65,0.3590924232298039,0.0,0.0
Hot_Dogs,0,5,10,0.65,0.3590924232298039,0.0,1.0
Hot_Dogs,0,5,10,0.65,0.3590924232298039,0.0,1.0
Hot_Dogs,0,5,10,0.65,0.3590924232298039,0.5,1.0
Hot_Dogs,0,5,10,0.65,0.3590924232298039,1.0,1.0
Hot_Dogs,0,5,10,0.65,0.3590924232298039,1.0,1.0
Hot_Dogs,0,5,10,0.65,0.4103913408340616,1.0,1.0
Hot_Dogs,0,5,10,0.65,0.4472135954999578,0.0,0.6666666666666666
Hot_Dogs,0,5,10,0.65,0.4472135954999578,0.0,0.6666666666666666
Hot_Dogs,0,5,10,0.65,0.4472135954999578,0.3333333333333333,1.0
Hot_Dogs,0,5,10,0.65,0.4472135954999578,0.3333333333333333,1.0
Hot_Dogs,0,5,10,0.65,0.4472135954999578,1.0,1.0
Hot_Dogs,0,5,10,0.65,0.4472135954999578,1.0,1.0
Hot_Dogs,0,5,10,0.65,0.4472135954999578,1.0,1.0
Hot_Dogs,0,5,10,0.65,0.4616902584383193,0.0,0.5
Hot_Dogs,0,5,10,0.65,0.4616902584383193,0.0,0.5
Hot_Dogs,0,5,10,0.65,0.4616902584383193,0.0,1.0
Hot_Dogs,0,5,10,0.65,0.5642880936468347,0.0,1.0
Hot_Dogs,0,5,10,0.65,0.5642880936468347,0.0,1.0
Hot_Dogs,0,5,10,0.7,0.4999999999999999,1.0,1.0
Hot_Dogs,0,5,10,0.7,0.5270462766947299,0.5,1.0
Hot_Dogs,0,5,10,0.7,0.5773502691896257,0.3333333333333333,1.0
Hot_Dogs,0,5,10,0.7,0.6,0.0,1.0
Hot_Dogs,0,5,10,0.7,0.6324555320336759,0.0,1.0
Hot_Dogs,0,5,10,0.7,0.6324555320336759,0.0,1.0
Hot_Dogs,0,5,10,0.7,0.7071067811865475,0.25,0.75
Hot_Dogs,0,5,10,0.7,0.7071067811865475,1.0,1.0
Hot_Dogs,0,5,10,0.75,0.5642880936468347,0.5,1.0
Hot_Dogs,0,5,10,0.75,0.6155870112510925,1.0,1.0
Hot_Dogs,0,5,10,0.75,0.6668859288553501,0.0,1.0
Hot_Dogs,0,5,10,0.75,0.6668859288553501,1.0,1.0
Hot_Dogs,0,5,10,0.75,0.6708203932499368,1.0,1.0
Hot_Dogs,0,5,10,0.75,0.7181848464596079,0.5,1.0
Hot_Dogs,0,5,10,0.75,0.7826237921249264,0.3333333333333333,1.0
Hot_Dogs,0,5,10,0.8,0.7,1.0,1.0
Hot_Dogs,0,5,10,0.8,0.7378647873726218,1.0,1.0
Hot_Dogs,0,5,10,0.8,0.7378647873726218,1.0,1.0
Hot_Dogs,0,5,10,0.8,0.7378647873726218,1.0,1.0
Hot_Dogs,0,5,10,0.8,0.7905694150420948,0.0,1.0
Hot_Dogs,0,5,10,0.8,0.7905694150420948,0.0,1.0
Hot_Dogs,0,5,10,0.8,0.7905694150420948,0.0,1.0
Hot_Dogs,0,5,10,0.8,0.7905694150420948,0.5,1.0
Hot_Dogs,0,5,10,0.8,0.7905694150420948,0.5,1.0
Hot_Dogs,0,5,10,0.8,0.7905694150420948,0.5,1.0
Hot_Dogs,0,5,10,0.8,0.7905694150420948,0.5,1.0
Hot_Dogs,0,5,10,0.8,0.7999999999999999,1.0,1.0
Hot_Dogs,0,5,10,0.8,0.8660254037844386,0.5,1.0
Hot_Dogs,0,5,10,0.8,0.8660254037844386,0.5,1.0
Hot_Dogs,0,5,10,0.85,0.8207826816681233,0.5,1.0
Hot_Dogs,0,5,10,0.85,0.8207826816681233,1.0,1.0
Hot_Dogs,0,5,10,0.85,0.8207826816681233,1.0,1.0
Hot_Dogs,0,5,10,0.85,0.8207826816681233,1.0,1.0
Hot_Dogs,0,5,10,0.85,0.8720815992723809,1.0,1.0
Hot_Dogs,0,5,10,0.85,0.8944271909999157,1.0,1.0
Hot_Dogs,0,5,10,0.85,0.8944271909999157,1.0,1.0
Hot_Dogs,0,5,10,0.9,0.9486832980505138,0.5,1.0
Hot_Dogs,0,5,10,0.9,0.9486832980505138,1.0,1.0
Hot_Dogs,0,5,10,0.95,0.9746794344808964,0.5,1.0
Hot_Dogs,0,5,10,0.95,0.9746794344808964,1.0,1.0
Hot_Dogs,0,5,10,0.95,0.9746794344808964,1.0,1.0
Hot_Dogs,0,5,10,0.95,0.9746794344808964,1.0,1.0
Hot_Dogs,1,5,10,0.2,-0.7905694150420948,0.0,0.0
Hot_Dogs,1,5,10,0.25,-0.7826237921249264,0.0,0.3333333333333333
Hot_Dogs,1,5,10,0.25,-0.6668859288553501,0.0,0.5
Hot_Dogs,1,5,10,0.25,-0.6488856845230502,0.0,0.0
Hot_Dogs,1,5,10,0.25,-0.5642880936468347,0.0,0.0
Hot_Dogs,1,5,10,0.3,-0.7071067811865475,0.0,0.0
Hot_Dogs,1,5,10,0.3,-0.5773502691896257,0.0,0.0
Hot_Dogs,1,5,10,0.3,-0.4743416490252569,0.0,0.0
Hot_Dogs,1,5,10,0.3,-0.4743416490252569,0.0,0.0
Hot_Dogs,1,5,10,0.35,-0.4616902584383193,0.0,0.0
Hot_Dogs,1,5,10,0.35,-0.4055535528269063,0.0,0.0
Hot_Dogs,1,5,10,0.35,-0.3590924232298039,0.0,0.5
Hot_Dogs,1,5,10,0.35,-0.3590924232298039,0.0,0.5
Hot_Dogs,1,5,10,0.35,-0.3077935056255462,0.0,0.0
Hot_Dogs,1,5,10,0.4,-0.3947368421052632,0.0,0.0
Hot_Dogs,1,5,10,0.4,-0.3162277660168379,0.0,0.0
Hot_Dogs,1,5,10,0.4,-0.3162277660168379,0.0,0.0
Hot_Dogs,1,5,10,0.4,-0.2886751345948128,0.0,0.0
Hot_Dogs,1,5,10,0.4,-0.2886751345948128,0.0,0.0
Hot_Dogs,1,5,10,0.4,-0.2886751345948128,0.0,0.0
Hot_Dogs,1,5,10,0.45,-0.2051956704170308,0.0,0.0
Hot_Dogs,1,5,10,0.45,-0.1538967528127731,0.0,0.0
Hot_Dogs,1,5,10,0.45,-0.1538967528127731,0.0,0.0
Hot_Dogs,1,5,10,0.45,-0.1118033988749894,0.0,0.3333333333333333
Hot_Dogs,1,5,10,0.5,-0.1054092553389459,0.0,1.0
Hot_Dogs,1,5,10,0.5,-0.0527046276694729,0.0,0.0
Hot_Dogs,1,5,10,0.5,-0.0527046276694729,0.0,0.0
Hot_Dogs,1,5,10,0.5,0.0,0.0,0.0
Hot_Dogs,1,5,10,0.5,0.0,0.0,0.0
Hot_Dogs,1,5,10,0.5,0.0,0.0,0.3333333333333333
Hot_Dogs,1,5,10,0.5,0.0,0.25,0.75
Hot_Dogs,1,5,10,0.5,,0.2,0.6
Hot_Dogs,1,5,10,0.5,,0.2,0.6
Hot_Dogs,1,5,10,0.5,,0.2,0.6
Hot_Dogs,1,5,10,0.55,0.1025978352085154,0.0,0.0
Hot_Dogs,1,5,10,0.55,0.1025978352085154,0.0,0.0
Hot_Dogs,1,5,10,0.55,0.1025978352085154,0.0,0.0
Hot_Dogs,1,5,10,0.55,0.1118033988749894,0.0,0.3333333333333333
Hot_Dogs,1,5,10,0.55,0.2051956704170308,0.0,1.0
Hot_Dogs,1,5,10,0.55,0.2236067977499789,0.0,0.3333333333333333
Hot_Dogs,1,5,10,0.55,0.2236067977499789,0.0,0.6666666666666666
Hot_Dogs,1,5,10,0.55,0.2236067977499789,0.0,0.6666666666666666
Hot_Dogs,1,5,10,0.55,0.2236067977499789,0.0,0.6666666666666666
Hot_Dogs,1,5,10,0.55,0.2236067977499789,0.3333333333333333,1.0
Hot_Dogs,1,5,10,0.55,0.3077935056255462,0.0,0.5
Hot_Dogs,1,5,10,0.6,0.1999999999999999,0.0,1.0
Hot_Dogs,1,5,10,0.6,0.2886751345948128,0.0,0.3333333333333333
Hot_Dogs,1,5,10,0.6,0.2886751345948128,0.3333333333333333,1.0
Hot_Dogs,1,5,10,0.6,0.3162277660168379,0.0,1.0
Hot_Dogs,1,5,10,0.6,0.3535533905932737,0.0,0.5
Hot_Dogs,1,5,10,0.6,0.3535533905932737,0.0,0.5
Hot_Dogs,1,5,10,0.6,0.3535533905932737,0.0,0.5
Hot_Dogs,1,5,10,0.6,0.3535533905932737,0.0,0.5
Hot_Dogs,1,5,10,0.6,0.3535533905932737,0.0,0.5
Hot_Dogs,1,5,10,0.6,0.3535533905932737,0.25,0.75
Hot_Dogs,1,5,10,0.6,0.4999999999999999,0.0,1.0
Hot_Dogs,1,5,10,0.65,0.2051956704170308,0.0,0.0
Hot_Dogs,1,5,10,0.65,0.3354101966249684,0.0,0.3333333333333333
Hot_Dogs,1,5,10,0.65,0.4103913408340616,0.0,1.0
Hot_Dogs,1,5,10,0.65,0.4103913408340616,0.0,1.0
Hot_Dogs,1,5,10,0.65,0.4442616583193193,0.0,0.3333333333333333
Hot_Dogs,1,5,10,0.65,0.4472135954999578,0.0,0.6666666666666666
Hot_Dogs,1,5,10,0.65,0.4472135954999578,0.3333333333333333,1.0
Hot_Dogs,1,5,10,0.65,0.5642880936468347,0.0,1.0
Hot_Dogs,1,5,10,0.7,0.5773502691896257,0.3333333333333333,1.0
Hot_Dogs,1,5,10,0.7,0.5773502691896257,0.3333333333333333,1.0
Hot_Dogs,1,5,10,0.7,0.6315789473684211,0.0,1.0
Hot_Dogs,1,5,10,0.7,0.6324555320336759,0.0,1.0
Hot_Dogs,1,5,10,0.7,0.6324555320336759,0.5,1.0
Hot_Dogs,1,5,10,0.75,0.5642880936468347,0.0,0.5
Hot_Dogs,1,5,10,0.75,0.6668859288553501,0.0,1.0
Hot_Dogs,1,5,10,0.75,0.7181848464596079,0.0,1.0
Hot_Dogs,1,5,10,0.8,0.7905694150420948,0.5,1.0
Hot_Dogs,1,5,10,0.8,0.8157894736842107,0.0,1.0
Hot_Dogs,1,5,10,0.8,0.8603090020146066,0.0,1.0
Hot_Dogs,1,5,10,0.8,0.8603090020146066,0.0,1.0
Hot_Dogs,1,5,10,0.8,0.8660254037844386,0.5,1.0
Hot_Dogs,1,5,10,0.85,0.8720815992723809,0.0,1.0
Hot_Dogs,2,4,6,0.25,-0.632455532033676,0.0,0.0
Hot_Dogs,2,4,6,0.4166666666666667,-0.316227766016838,0.0,0.0
Hot_Dogs,2,4,6,0.4166666666666667,-0.2581988897471611,0.0,0.6666666666666666
Hot_Dogs,2,4,6,0.4166666666666667,-0.2357022603955158,0.0,0.5
Hot_Dogs,2,4,6,0.4166666666666667,-0.2108185106778919,0.0,0.5
Hot_Dogs,2,4,6,0.5,0.0,0.0,1.0
Hot_Dogs,2,4,6,0.5,,0.25,0.75
Hot_Dogs,2,4,6,0.5833333333333334,0.1054092553389459,0.0,0.5
Hot_Dogs,2,4,6,0.5833333333333334,0.1054092553389459,0.0,0.5
Hot_Dogs,2,4,6,0.5833333333333334,0.2581988897471611,0.0,0.6666666666666666
Hot_Dogs,2,4,6,0.5833333333333334,0.2581988897471611,0.0,0.6666666666666666
Hot_Dogs,2,4,6,0.5833333333333334,0.2581988897471611,0.0,0.6666666666666666
Hot_Dogs,2,4,6,0.6666666666666666,0.3999999999999999,0.0,1.0
Hot_Dogs,2,4,6,0.6666666666666666,0.5000000000000001,0.0,1.0
Hot_Dogs,2,4,6,0.6666666666666666,0.5443310539518174,0.0,0.6666666666666666
Hot_Dogs,2,4,6,0.6666666666666666,0.6000000000000001,0.0,1.0
Hot_Dogs,2,4,6,0.75,0.632455532033676,0.0,1.0
Hot_Dogs,2,4,6,0.75,0.7378647873726218,0.0,1.0
Hot_Dogs,2,4,6,0.75,0.7745966692414834,0.3333333333333333,1.0
Hot_Dogs,2,4,6,0.8333333333333334,0.7999999999999999,0.0,1.0
Ice_Cream_Hard_Serve,0,5,10,0.15,-0.8944271909999157,0.0,0.0
Ice_Cream_Hard_Serve,0,5,10,0.15,-0.8944271909999157,0.0,0.0
Ice_Cream_Hard_Serve,0,5,10,0.25,-0.6708203932499368,0.0,0.3333333333333333
Ice_Cream_Hard_Serve,0,5,10,0.25,-0.5642880936468347,0.0,0.0
Ice_Cream_Hard_Serve,0,5,10,0.3,-0.7071067811865475,0.0,0.0
Ice_Cream_Hard_Serve,0,5,10,0.3,-0.7071067811865475,0.0,0.5
Ice_Cream_Hard_Serve,0,5,10,0.3,-0.7071067811865475,0.0,0.5
Ice_Cream_Hard_Serve,0,5,10,0.3,-0.6315789473684211,0.0,0.5
Ice_Cream_Hard_Serve,0,5,10,0.3,-0.6,0.0,1.0
Ice_Cream_Hard_Serve,0,5,10,0.3,-0.5797509043642028,0.0,0.5
Ice_Cream_Hard_Serve,0,5,10,0.3,-0.5526315789473686,0.0,0.0
Ice_Cream_Hard_Serve,0,5,10,0.3,-0.5270462766947299,0.0,0.0
Ice_Cream_Hard_Serve,0,5,10,0.3,-0.4743416490252569,0.0,0.0
Ice_Cream_Hard_Serve,0,5,10,0.35,-0.4472135954999578,0.0,0.0
Ice_Cream_Hard_Serve,0,5,10,0.35,-0.4103913408340616,0.0,1.0
Ice_Cream_Hard_Serve,0,5,10,0.35,-0.3354101966249684,0.3333333333333333,1.0
Ice_Cream_Hard_Serve,0,5,10,0.35,-0.3354101966249684,0.3333333333333333,1.0
Ice_Cream_Hard_Serve,0,5,10,0.4,-0.3947368421052632,0.0,0.5
Ice_Cream_Hard_Serve,0,5,10,0.4,-0.2108185106778919,0.0,0.0
Ice_Cream_Hard_Serve,0,5,10,0.4,-0.2108185106778919,0.0,0.5
Ice_Cream_Hard_Serve,0,5,10,0.45,-0.2236067977499789,0.0,0.6666666666666666
Ice_Cream_Hard_Serve,0,5,10,0.45,-0.2236067977499789,0.0,0.6666666666666666
Ice_Cream_Hard_Serve,0,5,10,0.45,-0.2236067977499789,0.0,0.6666666666666666
Ice_Cream_Hard_Serve,0,5,10,0.45,-0.2236067977499789,0.0,1.0
Ice_Cream_Hard_Serve,0,5,10,0.45,-0.2051956704170308,0.0,1.0
Ice_Cream_Hard_Serve,0,5,10,0.45,-0.1538967528127731,0.0,0.0
Ice_Cream_Hard_Serve,0,5,10,0.45,-0.1025978352085154,0.5,1.0
Ice_Cream_Hard_Serve,0,5,10,0.45,-0.0512989176042577,0.0,0.0
Ice_Cream_Hard_Serve,0,5,10,0.45,0.0512989176042577,1.0,1.0
Ice_Cream_Hard_Serve,0,5,10,0.45,0.0512989176042577,1.0,1.0
Ice_Cream_Hard_Serve,0,5,10,0.45,0.0512989176042577,1.0,1.0
Ice_Cream_Hard_Serve,0,5,10,0.5,0.0,0.0,0.5
Ice_Cream_Hard_Serve,0,5,10,0.5,0.0,0.0,0.5
Ice_Cream_Hard_Serve,0,5,10,0.5,0.0,0.25,0.75
Ice_Cream_Hard_Serve,0,5,10,0.5,0.0,0.25,0.75
Ice_Cream_Hard_Serve,0,5,10,0.5,0.0,0.3333333333333333,1.0
Ice_Cream_Hard_Serve,0,5,10,0.5,0.0,0.3333333333333333,1.0
Ice_Cream_Hard_Serve,0,5,10,0.5,0.0,0.3333333333333333,1.0
Ice_Cream_Hard_Serve,0,5,10,0.5,0.0,0.5,1.0
Ice_Cream_Hard_Serve,0,5,10,0.5,0.0,0.5,1.0
Ice_Cream_Hard_Serve,0,5,10,0.5,0.0,0.5,1.0
Ice_Cream_Hard_Serve,0,5,10,0.5,0.0573539334676404,0.3333333333333333,1.0
Ice_Cream_Hard_Serve,0,5,10,0.5,0.0999999999999999,0.0,1.0
Ice_Cream_Hard_Serve,0,5,10,0.5,0.1052631578947368,0.0,1.0
Ice_Cream_Hard_Serve,0,5,10,0.5,0.1052631578947368,1.0,1.0
Ice_Cream_Hard_Serve,0,5,10,0.5,0.131578947368421,1.0,1.0
Ice_Cream_Hard_Serve,0,5,10,0.5,,0.2,0.6
Ice_Cream_Hard_Serve,0,5,10,0.5,,0.2,0.6
Ice_Cream_Hard_Serve,0,5,10,0.5,,0.2,0.6
Ice_Cream_Hard_Serve,0,5,10,0.55,-0.0512989176042577,0.0,1.0
Ice_Cream_Hard_Serve,0,5,10,0.55,0.0512989176042577,0.0,1.0
Ice_Cream_Hard_Serve,0,5,10,0.55,0.1025978352085154,0.0,0.5
Ice_Cream_Hard_Serve,0,5,10,0.55,0.1118033988749894,0.3333333333333333,1.0
Ice_Cream_Hard_Serve,0,5,10,0.55,0.1480872194397731,0.3333333333333333,1.0
Ice_Cream_Hard_Serve,0,5,10,0.55,0.1480872194397731,0.3333333333333333,1.0
Ice_Cream_Hard_Serve,0,5,10,0.55,0.2051956704170308,0.0,1.0
Ice_Cream_Hard_Serve,0,5,10,0.55,0.2051956704170308,0.5,1.0
Ice_Cream_Hard_Serve,0,5,10,0.55,0.2236067977499789,0.0,0.3333333333333333
Ice_Cream_Hard_Serve,0,5,10,0.55,0.2236067977499789,1.0,1.0
Ice_Cream_Hard_Serve,0,5,10,0.6,0.1581138830084189,0.5,1.0
Ice_Cream_Hard_Serve,0,5,10,0.6,0.1581138830084189,0.5,1.0
Ice_Cream_Hard_Serve,0,5,10,0.6,0.3162277660168379,0.5,1.0
Ice_Cream_Hard_Serve,0,5,10,0.6,0.3162277660168379,1.0,1.0
Ice_Cream_Hard_Serve,0,5,10,0.6,0.3441236008058426,0.0,0.6666666666666666
Ice_Cream_Hard_Serve,0,5,10,0.6,0.3441236008058426,0.3333333333333333,1.0
Ice_Cream_Hard_Serve,0,5,10,0.6,0.3441236008058426,1.0,1.0
Ice_Cream_Hard_Serve,0,5,10,0.6,0.3535533905932737,0.0,0.5
Ice_Cream_Hard_Serve,0,5,10,0.6,0.3535533905932737,0.25,0.75
Ice_Cream_Hard_Serve,0,5,10,0.6,0.3689323936863109,0.0,0.5
Ice_Cream_Hard_Serve,0,5,10,0.6,0.3689323936863109,0.0,1.0
Ice_Cream_Hard_Serve,0,5,10,0.65,0.3590924232298039,1.0,1.0
Ice_Cream_Hard_Serve,0,5,10,0.65,0.3590924232298039,1.0,1.0
Ice_Cream_Hard_Serve,0,5,10,0.65,0.3590924232298039,1.0,1.0
Ice_Cream_Hard_Serve,0,5,10,0.65,0.4103913408340616,0.5,1.0
Ice_Cream_Hard_Serve,0,5,10,0.65,0.4103913408340616,1.0,1.0
Ice_Cream_Hard_Serve,0,5,10,0.65,0.4442616583193193,0.3333333333333333,1.0
Ice_Cream_Hard_Serve,0,5,10,0.65,0.4472135954999578,1.0,1.0
Ice_Cream_Hard_Serve,0,5,10,0.65,0.5642880936468347,0.0,1.0
Ice_Cream_Hard_Serve,0,5,10,0.7,0.5270462766947299,1.0,1.0
Ice_Cream_Hard_Serve,0,5,10,0.7,0.5270462766947299,1.0,1.0
Ice_Cream_Hard_Serve,0,5,10,0.7,0.6324555320336759,0.0,1.0
Ice_Cream_Hard_Serve,0,5,10,0.7,0.6324555320336759,0.5,1.0
Ice_Cream_Hard_Serve,0,5,10,0.7,0.6324555320336759,0.5,1.0
Ice_Cream_Hard_Serve,0,5,10,0.7,0.6324555320336759,0.5,1.0
Ice_Cream_Hard_Serve,0,5,10,0.75,0.6708203932499368,1.0,1.0
Ice_Cream_Hard_Serve,0,5,10,0.75,0.6708203932499368,1.0,1.0
Ice_Cream_Hard_Serve,0,5,10,0.75,0.7826237921249264,0.0,1.0
Ice_Cream_Hard_Serve,0,5,10,0.8,0.7,1.0,1.0
Ice_Cream_Hard_Serve,0,5,10,0.8,0.7905694150420948,0.5,1.0
Ice_Cream_Hard_Serve,0,5,10,0.8,0.7905694150420948,0.5,1.0
Ice_Cream_Hard_Serve,0,5,10,0.8,0.7999999999999999,1.0,1.0
Ice_Cream_Hard_Serve,0,5,10,0.8,0.8660254037844386,0.3333333333333333,1.0
Ice_Cream_Hard_Serve,0,5,10,0.8,0.8660254037844386,0.5,1.0
Ice_Cream_Hard_Serve,0,5,10,0.85,0.8207826816681233,1.0,1.0
Ice_Cream_Hard_Serve,0,5,10,0.85,0.8720815992723809,1.0,1.0
Ice_Cream_Hard_Serve,0,5,10,0.85,0.892217816219194,0.5,1.0
Ice_Cream_Hard_Serve,0,5,10,0.85,0.8944271909999157,1.0,1.0
Ice_Cream_Hard_Serve,0,5,10,0.9,0.9473684210526316,0.5,1.0
Ice_Cream_Hard_Serve,0,5,10,0.9,0.9473684210526316,0.5,1.0
Ice_Cream_Hard_Serve,0,5,10,0.9,0.9486832980505138,0.5,1.0
Ice_Cream_Hard_Serve,0,5,10,0.9,0.9486832980505138,0.5,1.0
Ice_Cream_Hard_Serve,0,5,10,0.9,0.9486832980505138,0.5,1.0
Ice_Cream_Hard_Serve,0,5,10,0.9,0.9486832980505138,1.0,1.0
Ice_Cream_Hard_Serve,1,5,10,0.25,-0.7181848464596079,0.0,0.0
Ice_Cream_Hard_Serve,1,5,10,0.35,-0.4472135954999578,0.0,0.3333333333333333
Ice_Cream_Hard_Serve,1,5,10,0.35,-0.3590924232298039,0.0,0.0
Ice_Cream_Hard_Serve,1,5,10,0.35,-0.3590924232298039,0.0,0.5
Ice_Cream_Hard_Serve,1,5,10,0.35,-0.3590924232298039,0.0,1.0
Ice_Cream_Hard_Serve,1,5,10,0.4,-0.3162277660168379,0.0,0.0
Ice_Cream_Hard_Serve,1,5,10,0.4,-0.3162277660168379,0.0,1.0
Ice_Cream_Hard_Serve,1,5,10,0.4,-0.2886751345948128,0.3333333333333333,1.0
Ice_Cream_Hard_Serve,1,5,10,0.4,-0.2635231383473649,0.0,0.5
Ice_Cream_Hard_Serve,1,5,10,0.4,-0.2108185106778919,0.0,0.0
Ice_Cream_Hard_Serve,1,5,10,0.5,0.0,0.0,0.5
Ice_Cream_Hard_Serve,1,5,10,0.5,0.1054092553389459,0.0,0.5
Ice_Cream_Hard_Serve,1,5,10,0.5,0.1054092553389459,0.0,0.5
Ice_Cream_Hard_Serve,1,5,10,0.55,0.2051956704170308,0.0,0.0
Ice_Cream_Hard_Serve,1,5,10,0.55,0.2236067977499789,0.0,0.0
Ice_Cream_Hard_Serve,1,5,10,0.55,0.2236067977499789,0.0,0.0
Ice_Cream_Hard_Serve,1,5,10,0.55,0.2236067977499789,1.0,1.0
Ice_Cream_Hard_Serve,1,5,10,0.55,0.2236067977499789,1.0,1.0
Ice_Cream_Hard_Serve,1,5,10,0.6,0.2108185106778919,0.5,1.0
Ice_Cream_Hard_Serve,1,5,10,0.6,0.3162277660168379,0.0,1.0
Ice_Cream_Hard_Serve,1,5,10,0.6,0.3535533905932737,0.0,0.5
Ice_Cream_Hard_Serve,1,5,10,0.6,0.3535533905932737,0.0,0.5
Ice_Cream_Hard_Serve,1,5,10,0.6,0.3535533905932737,0.25,0.75
Ice_Cream_Hard_Serve,1,5,10,0.65,0.3590924232298039,0.0,0.0
Ice_Cream_Hard_Serve,1,5,10,0.65,0.3590924232298039,0.0,1.0
Ice_Cream_Hard_Serve,1,5,10,0.65,0.3590924232298039,0.0,1.0
Ice_Cream_Hard_Serve,1,5,10,0.65,0.4103913408340616,0.0,1.0
Ice_Cream_Hard_Serve,1,5,10,0.65,0.4103913408340616,0.0,1.0
Ice_Cream_Hard_Serve,1,5,10,0.65,0.4472135954999578,0.0,0.6666666666666666
Ice_Cream_Hard_Serve,1,5,10,0.65,0.4472135954999578,0.0,1.0
Ice_Cream_Hard_Serve,1,5,10,0.65,0.4472135954999578,0.0,1.0
Ice_Cream_Hard_Serve,1,5,10,0.65,0.4472135954999578,1.0,1.0
Ice_Cream_Hard_Serve,1,5,10,0.65,0.4616902584383193,0.0,1.0
Ice_Cream_Hard_Serve,1,5,10,0.65,0.5642880936468347,0.0,1.0
Ice_Cream_Hard_Serve,1,5,10,0.7,0.3999999999999999,0.0,1.0
Ice_Cream_Hard_Serve,1,5,10,0.7,0.5270462766947299,0.0,0.5
Ice_Cream_Hard_Serve,1,5,10,0.7,0.5773502691896257,0.3333333333333333,1.0
Ice_Cream_Hard_Serve,1,5,10,0.7,0.5773502691896257,0.3333333333333333,1.0
Ice_Cream_Hard_Serve,1,5,10,0.7,0.5773502691896257,0.5,1.0
Ice_Cream_Hard_Serve,1,5,10,0.7,0.5797509043642028,0.0,1.0
Ice_Cream_Hard_Serve,1,5,10,0.7,0.7071067811865475,0.25,0.75
Ice_Cream_Hard_Serve,1,5,10,0.7,0.7071067811865475,0.25,0.75
Ice_Cream_Hard_Serve,1,5,10,0.75,0.5642880936468347,0.0,0.5
Ice_Cream_Hard_Serve,1,5,10,0.75,0.5642880936468347,0.5,1.0
Ice_Cream_Hard_Serve,1,5,10,0.75,0.6155870112510925,0.0,1.0
Ice_Cream_Hard_Serve,1,5,10,0.75,0.6155870112510925,0.0,1.0
Ice_Cream_Hard_Serve,1,5,10,0.75,0.6668859288553501,0.0,1.0
Ice_Cream_Hard_Serve,1,5,10,0.75,0.6668859288553501,0.0,1.0
Ice_Cream_Hard_Serve,1,5,10,0.75,0.6668859288553501,0.0,1.0
Ice_Cream_Hard_Serve,1,5,10,0.75,0.6668859288553501,0.0,1.0
Ice_Cream_Hard_Serve,1,5,10,0.75,0.6668859288553501,0.0,1.0
Ice_Cream_Hard_Serve,1,5,10,0.75,0.6708203932499368,0.0,0.6666666666666666
Ice_Cream_Hard_Serve,1,5,10,0.75,0.6708203932499368,1.0,1.0
Ice_Cream_Hard_Serve,1,5,10,0.75,0.7826237921249264,0.3333333333333333,1.0
Ice_Cream_Hard_Serve,1,5,10,0.8,0.7,1.0,1.0
Ice_Cream_Hard_Serve,1,5,10,0.8,0.7,1.0,1.0
Ice_Cream_Hard_Serve,1,5,10,0.8,0.7,1.0,1.0
Ice_Cream_Hard_Serve,1,5,10,0.8,0.7378647873726218,0.5,1.0
Ice_Cream_Hard_Serve,1,5,10,0.8,0.7378647873726218,0.5,1.0
Ice_Cream_Hard_Serve,1,5,10,0.8,0.7378647873726218,0.5,1.0
Ice_Cream_Hard_Serve,1,5,10,0.8,0.7905694150420948,0.0,1.0
Ice_Cream_Hard_Serve,1,5,10,0.8,0.7905694150420948,0.5,1.0
Ice_Cream_Hard_Serve,1,5,10,0.8,0.7905694150420948,0.5,1.0
Ice_Cream_Hard_Serve,1,5,10,0.85,0.8207826816681233,0.0,1.0
Ice_Cream_Hard_Serve,1,5,10,0.85,0.8207826816681233,1.0,1.0
Ice_Cream_Hard_Serve,1,5,10,0.85,0.8207826816681233,1.0,1.0
Ice_Cream_Hard_Serve,1,5,10,0.85,0.8720815992723809,0.0,1.0
Ice_Cream_Hard_Serve,1,5,10,0.85,0.8720815992723809,0.0,1.0
Ice_Cream_Hard_Serve,1,5,10,0.85,0.8720815992723809,0.5,1.0
Ice_Cream_Hard_Serve,1,5,10,0.85,0.8720815992723809,0.5,1.0
Ice_Cream_Hard_Serve,1,5,10,0.85,0.8720815992723809,1.0,1.0
Ice_Cream_Hard_Serve,1,5,10,0.85,0.8944271909999157,0.3333333333333333,1.0
Ice_Cream_Hard_Serve,1,5,10,0.85,0.8944271909999157,0.3333333333333333,1.0
Ice_Cream_Hard_Serve,1,5,10,0.85,0.8944271909999157,0.3333333333333333,1.0
Ice_Cream_Hard_Serve,1,5,10,0.85,0.8944271909999157,1.0,1.0
Ice_Cream_Hard_Serve,1,5,10,0.9,0.8999999999999998,0.0,1.0
Ice_Cream_Hard_Serve,1,5,10,0.9,0.9486832980505138,0.5,1.0
Ice_Cream_Hard_Serve,1,5,10,0.95,0.9746794344808964,0.5,1.0
Ice_Cream_Hard_Serve,1,5,10,0.95,0.9746794344808964,0.5,1.0
Ice_Cream_Hard_Serve,1,5,10,0.95,0.9746794344808964,1.0,1.0
Meatballs,0,5,10,0.15,-0.8207826816681233,0.0,0.0
Meatballs,0,5,10,0.3,-0.6324555320336759,0.0,0.0
Meatballs,0,5,10,0.35,-0.4616902584383193,0.0,1.0
Meatballs,0,5,10,0.35,-0.4472135954999578,0.0,0.0
Meatballs,0,5,10,0.35,-0.4472135954999578,0.0,0.6666666666666666
Meatballs,0,5,10,0.4,-0.3162277660168379,0.0,1.0
Meatballs,0,5,10,0.4,-0.2886751345948128,0.3333333333333333,1.0
Meatballs,0,5,10,0.4,-0.2108185106778919,0.0,0.5
Meatballs,0,5,10,0.45,-0.2236067977499789,0.0,1.0
Meatballs,0,5,10,0.45,-0.2236067977499789,0.3333333333333333,1.0
Meatballs,0,5,10,0.45,-0.2051956704170308,0.0,0.0
Meatballs,0,5,10,0.45,-0.1538967528127731,0.0,1.0
Meatballs,0,5,10,0.45,-0.1118033988749894,0.0,0.3333333333333333
Meatballs,0,5,10,0.45,-0.0512989176042577,0.0,0.0
Meatballs,0,5,10,0.45,0.0512989176042577,1.0,1.0
Meatballs,0,5,10,0.45,0.0512989176042577,1.0,1.0
Meatballs,0,5,10,0.5,-0.1054092553389459,0.0,1.0
Meatballs,0,5,10,0.5,0.0,0.3333333333333333,1.0
Meatballs,0,5,10,0.5,0.0,0.5,1.0
Meatballs,0,5,10,0.5,,0.2,0.6
Meatballs,0,5,10,0.5,,0.2,0.6
Meatballs,0,5,10,0.5,,0.2,0.6
Meatballs,0,5,10,0.55,0.1538967528127731,0.0,1.0
Meatballs,0,5,10,0.55,0.2236067977499789,0.0,0.3333333333333333
Meatballs,0,5,10,0.6,0.1581138830084189,0.5,1.0
Meatballs,0,5,10,0.6,0.2886751345948128,0.5,1.0
Meatballs,0,5,10,0.6,0.3,0.0,1.0
Meatballs,0,5,10,0.6,0.3162277660168379,0.5,1.0
Meatballs,0,5,10,0.6,0.3162277660168379,1.0,1.0
Meatballs,0,5,10,0.65,0.3590924232298039,1.0,1.0
Meatballs,0,5,10,0.65,0.3590924232298039,1.0,1.0
Meatballs,0,5,10,0.65,0.4103913408340616,0.0,0.5
Meatballs,0,5,10,0.65,0.4472135954999578,0.0,0.6666666666666666
Meatballs,0,5,10,0.65,0.4472135954999578,0.3333333333333333,1.0
Meatballs,0,5,10,0.65,0.4472135954999578,1.0,1.0
Meatballs,0,5,10,0.65,0.4472135954999578,1.0,1.0
Meatballs,0,5,10,0.65,0.4472135954999578,1.0,1.0
Meatballs,0,5,10,0.65,0.4472135954999578,1.0,1.0
Meatballs,0,5,10,0.65,0.4616902584383193,0.0,1.0
Meatballs,0,5,10,0.7,0.5270462766947299,0.5,1.0
Meatballs,0,5,10,0.7,0.5270462766947299,0.5,1.0
Meatballs,0,5,10,0.7,0.5270462766947299,1.0,1.0
Meatballs,0,5,10,0.7,0.5270462766947299,1.0,1.0
Meatballs,0,5,10,0.7,0.6,0.0,1.0
Meatballs,0,5,10,0.7,0.6324555320336759,0.0,1.0
Meatballs,0,5,10,0.7,0.6324555320336759,0.0,1.0
Meatballs,0,5,10,0.7,0.7071067811865475,0.25,0.75
Meatballs,0,5,10,0.7,0.7071067811865475,1.0,1.0
Meatballs,0,5,10,0.7,0.7071067811865475,1.0,1.0
Meatballs,0,5,10,0.7,0.7071067811865475,1.0,1.0
Meatballs,0,5,10,0.7,0.7071067811865475,1.0,1.0
Meatballs,0,5,10,0.75,0.5642880936468347,0.0,0.5
Meatballs,0,5,10,0.75,0.5642880936468347,1.0,1.0
Meatballs,0,5,10,0.75,0.6155870112510925,0.5,1.0
Meatballs,0,5,10,0.75,0.6155870112510925,1.0,1.0
Meatballs,0,5,10,0.75,0.6668859288553501,0.0,1.0
Meatballs,0,5,10,0.75,0.6668859288553501,1.0,1.0
Meatballs,0,5,10,0.75,0.6668859288553501,1.0,1.0
Meatballs,0,5,10,0.75,0.6668859288553501,1.0,1.0
Meatballs,0,5,10,0.75,0.6668859288553501,1.0,1.0
Meatballs,0,5,10,0.75,0.6668859288553501,1.0,1.0
Meatballs,0,5,10,0.75,0.6708203932499368,0.0,0.6666666666666666
Meatballs,0,5,10,0.75,0.6708203932499368,0.3333333333333333,1.0
Meatballs,0,5,10,0.75,0.6708203932499368,1.0,1.0
Meatballs,0,5,10,0.75,0.6708203932499368,1.0,1.0
Meatballs,0,5,10,0.75,0.6708203932499368,1.0,1.0
Meatballs,0,5,10,0.75,0.6708203932499368,1.0,1.0
Meatballs,0,5,10,0.75,0.7181848464596079,0.0,1.0
Meatballs,0,5,10,0.75,0.7826237921249264,0.0,1.0
Meatballs,0,5,10,0.75,0.7826237921249264,0.0,1.0
Meatballs,0,5,10,0.75,0.7826237921249264,0.3333333333333333,1.0
Meatballs,0,5,10,0.8,0.7905694150420948,0.5,1.0
Meatballs,0,5,10,0.8,0.8660254037844386,0.3333333333333333,1.0
Meatballs,0,5,10,0.8,0.8660254037844386,0.5,1.0
Meatballs,0,5,10,0.85,0.8207826816681233,1.0,1.0
Meatballs,0,5,10,0.85,0.8207826816681233,1.0,1.0
Meatballs,0,5,10,0.85,0.8207826816681233,1.0,1.0
Meatballs,0,5,10,0.85,0.8720815992723809,0.5,1.0
Meatballs,0,5,10,0.85,0.8720815992723809,1.0,1.0
Meatballs,0,5,10,0.85,0.8720815992723809,1.0,1.0
Meatballs,0,5,10,0.85,0.8944271909999157,1.0,1.0
Meatballs,0,5,10,0.85,0.8944271909999157,1.0,1.0
Meatballs,0,5,10,0.85,0.8944271909999157,1.0,1.0
Meatballs,0,5,10,0.9,0.8999999999999998,1.0,1.0
Meatballs,0,5,10,0.9,0.8999999999999998,1.0,1.0
Meatballs,0,5,10,0.9,0.9486832980505138,0.5,1.0
Meatballs,0,5,10,0.9,0.9486832980505138,0.5,1.0
Meatballs,0,5,10,0.9,0.9486832980505138,0.5,1.0
Meatballs,0,5,10,0.9,0.9486832980505138,0.5,1.0
Meatballs,0,5,10,0.9,0.9486832980505138,0.5,1.0
Meatballs,0,5,10,0.95,0.9746794344808964,0.5,1.0
Meatballs,0,5,10,0.95,0.9746794344808964,1.0,1.0
Meatballs,0,5,10,0.95,0.9746794344808964,1.0,1.0
Meatballs,0,5,10,0.95,0.9746794344808964,1.0,1.0
Meatballs,0,5,10,0.95,0.9746794344808964,1.0,1.0
Meatballs,0,5,10,0.95,0.9746794344808964,1.0,1.0
Meatballs,0,5,10,0.95,0.9746794344808964,1.0,1.0
Meatballs,0,5,10,0.95,0.9746794344808964,1.0,1.0
Meatballs,0,5,10,0.95,0.9746794344808964,1.0,1.0
Milk,0,4,6,0.25,-0.7745966692414834,0.0,0.0
Milk,0,4,6,0.25,-0.7745966692414834,0.0,0.6666666666666666
Milk,0,4,6,0.25,-0.7378647873726218,0.0,0.5
Milk,0,4,6,0.25,-0.632455532033676,0.0,0.0
Milk,0,4,6,0.25,-0.632455532033676,0.0,0.0
Milk,0,4,6,0.25,-0.632455532033676,0.0,1.0
Milk,0,4,6,0.3333333333333333,-0.3999999999999999,0.0,1.0
Milk,0,4,6,0.4166666666666667,-0.316227766016838,0.0,0.0
Milk,0,4,6,0.4166666666666667,-0.316227766016838,0.0,0.0
Milk,0,4,6,0.4166666666666667,-0.316227766016838,0.0,0.0
Milk,0,4,6,0.4166666666666667,-0.2581988897471611,0.0,0.6666666666666666
Milk,0,4,6,0.4166666666666667,-0.2581988897471611,0.3333333333333333,1.0
Milk,0,4,6,0.4166666666666667,-0.2581988897471611,0.3333333333333333,1.0
Milk,0,4,6,0.4166666666666667,-0.2581988897471611,0.3333333333333333,1.0
Milk,0,4,6,0.4166666666666667,-0.2108185106778919,0.0,0.5
Milk,0,4,6,0.4166666666666667,-0.2108185106778919,0.0,1.0
Milk,0,4,6,0.4166666666666667,-0.1054092553389459,0.0,0.5
Milk,0,4,6,0.4166666666666667,-0.1054092553389459,0.0,0.5
Milk,0,4,6,0.5,-0.1999999999999999,0.0,0.0
Milk,0,4,6,0.5,-0.1999999999999999,0.0,0.0
Milk,0,4,6,0.5,-0.1999999999999999,0.0,0.0
Milk,0,4,6,0.5,0.0,0.0,0.5
Milk,0,4,6,0.5,0.0,0.5,1.0
Milk,0,4,6,0.5,0.1999999999999999,0.0,1.0
Milk,0,4,6,0.5,,0.25,0.75
Milk,0,4,6,0.5,,0.25,0.75
Milk,0,4,6,0.5,,0.25,0.75
Milk,0,4,6,0.5,,0.25,0.75
Milk,0,4,6,0.5,,0.25,0.75
Milk,0,4,6,0.5,,0.25,0.75
Milk,0,4,6,0.5833333333333334,0.1054092553389459,0.0,0.5
Milk,0,4,6,0.5833333333333334,0.1054092553389459,0.0,0.5
Milk,0,4,6,0.5833333333333334,0.1054092553389459,0.5,1.0
Milk,0,4,6,0.5833333333333334,0.2108185106778919,0.0,1.0
Milk,0,4,6,0.5833333333333334,0.2108185106778919,0.5,1.0
Milk,0,4,6,0.5833333333333334,0.2581988897471611,0.0,0.6666666666666666
Milk,0,4,6,0.5833333333333334,0.2581988897471611,0.0,0.6666666666666666
Milk,0,4,6,0.5833333333333334,0.2581988897471611,0.0,0.6666666666666666
Milk,0,4,6,0.5833333333333334,0.2581988897471611,0.0,0.6666666666666666
Milk,0,4,6,0.5833333333333334,0.316227766016838,0.0,1.0
Milk,0,4,6,0.5833333333333334,0.316227766016838,0.0,1.0
Milk,0,4,6,0.5833333333333334,0.316227766016838,0.0,1.0
Milk,0,4,6,0.5833333333333334,0.316227766016838,0.0,1.0
Milk,0,4,6,0.5833333333333334,0.316227766016838,0.0,1.0
Milk,0,4,6,0.5833333333333334,0.316227766016838,0.0,1.0
Milk,0,4,6,0.5833333333333334,0.316227766016838,0.0,1.0
Milk,0,4,6,0.5833333333333334,0.316227766016838,0.0,1.0
Milk,0,4,6,0.5833333333333334,0.316227766016838,0.0,1.0
Milk,0,4,6,0.5833333333333334,0.316227766016838,1.0,1.0
Milk,0,4,6,0.5833333333333334,0.316227766016838,1.0,1.0
Milk,0,4,6,0.5833333333333334,0.316227766016838,1.0,1.0
Milk,0,4,6,0.5833333333333334,0.316227766016838,1.0,1.0
Milk,0,4,6,0.6666666666666666,0.3999999999999999,0.0,1.0
Milk,0,4,6,0.6666666666666666,0.3999999999999999,0.0,1.0
Milk,0,4,6,0.6666666666666666,0.3999999999999999,0.0,1.0
Milk,0,4,6,0.6666666666666666,0.3999999999999999,1.0,1.0
Milk,0,4,6,0.6666666666666666,0.4472135954999579,0.5,1.0
Milk,0,4,6,0.6666666666666666,0.4472135954999579,0.5,1.0
Milk,0,4,6,0.6666666666666666,0.4472135954999579,0.5,1.0
Milk,0,4,6,0.6666666666666666,0.4472135954999579,0.5,1.0
Milk,0,4,6,0.6666666666666666,0.4472135954999579,0.5,1.0
Milk,0,4,6,0.75,0.632455532033676,0.0,1.0
Milk,0,4,6,0.75,0.632455532033676,0.0,1.0
Milk,0,4,6,0.75,0.632455532033676,0.5,1.0
Milk,0,4,6,0.75,0.632455532033676,1.0,1.0
Milk,0,4,6,0.75,0.632455532033676,1.0,1.0
Milk,0,4,6,0.75,0.632455532033676,1.0,1.0
Milk,0,4,6,0.75,0.632455532033676,1.0,1.0
Milk,0,4,6,0.75,0.632455532033676,1.0,1.0
Milk,0,4,6,0.75,0.632455532033676,1.0,1.0
Milk,0,4,6,0.75,0.632455532033676,1.0,1.0
Milk,0,4,6,0.75,0.632455532033676,1.0,1.0
Milk,0,4,6,0.75,0.632455532033676,1.0,1.0
Milk,0,4,6,0.75,0.632455532033676,1.0,1.0
Milk,0,4,6,0.75,0.7378647873726218,0.0,1.0
Milk,0,4,6,0.75,0.7378647873726218,0.0,1.0
Milk,0,4,6,0.75,0.7378647873726218,0.5,1.0
Milk,0,4,6,0.75,0.7745966692414834,0.3333333333333333,1.0
Milk,0,4,6,0.75,0.7745966692414834,0.3333333333333333,1.0
Milk,0,4,6,0.75,0.7745966692414834,0.3333333333333333,1.0
Milk,0,4,6,0.75,0.7745966692414834,0.3333333333333333,1.0
Milk,0,4,6,0.75,0.7745966692414834,0.3333333333333333,1.0
Milk,0,4,6,0.75,0.7745966692414834,0.3333333333333333,1.0
Milk,0,4,6,0.75,0.7745966692414834,0.3333333333333333,1.0
Milk,0,4,6,0.75,0.7745966692414834,0.3333333333333333,1.0
Milk,0,4,6,0.75,0.7745966692414834,1.0,1.0
Milk,0,4,6,0.75,0.7745966692414834,1.0,1.0
Milk,0,4,6,0.75,0.7745966692414834,1.0,1.0
Milk,0,4,6,0.75,0.7745966692414834,1.0,1.0
Milk,0,4,6,0.75,0.7745966692414834,1.0,1.0
Milk,0,4,6,0.75,0.7745966692414834,1.0,1.0
Milk,0,4,6,0.75,0.7745966692414834,1.0,1.0
Milk,0,4,6,0.8333333333333334,0.7999999999999999,1.0,1.0
Milk,0,4,6,0.8333333333333334,0.7999999999999999,1.0,1.0
Milk,0,4,6,0.8333333333333334,0.7999999999999999,1.0,1.0
Milk,0,4,6,0.8333333333333334,0.8944271909999159,0.5,1.0
Milk,0,4,6,0.9166666666666666,0.948683298050514,0.5,1.0
Milk,0,4,6,0.9166666666666666,0.948683298050514,1.0,1.0
Milk,0,4,6,0.9166666666666666,0.948683298050514,1.0,1.0
Milk,0,4,6,0.9166666666666666,0.948683298050514,1.0,1.0
Milk,0,4,6,0.9166666666666666,0.948683298050514,1.0,1.0
Milk,0,4,6,0.9166666666666666,0.948683298050514,1.0,1.0
Milk,0,4,6,0.9166666666666666,0.948683298050514,1.0,1.0
Milk,0,4,6,0.9166666666666666,0.948683298050514,1.0,1.0
Milk,0,4,6,0.9166666666666666,0.948683298050514,1.0,1.0
Milk,0,4,6,1.0,1.0,1.0,1.0
Milk,0,4,6,1.0,1.0,1.0,1.0
Milk,0,4,6,1.0,1.0,1.0,1.0
Milk,0,4,6,1.0,1.0,1.0,1.0
Milk,0,4,6,1.0,1.0,1.0,1.0
Milk,1,4,6,0.0,-1.0,0.0,0.0
Milk,1,4,6,0.0833333333333333,-0.948683298050514,0.0,0.0
Milk,1,4,6,0.0833333333333333,-0.948683298050514,0.0,0.0
Milk,1,4,6,0.0833333333333333,-0.948683298050514,0.0,0.5
Milk,1,4,6,0.0833333333333333,-0.948683298050514,0.0,0.5
Milk,1,4,6,0.1666666666666666,-0.8944271909999159,0.0,0.5
Milk,1,4,6,0.1666666666666666,-0.7999999999999999,0.0,0.0
Milk,1,4,6,0.25,-0.7745966692414834,0.0,0.0
Milk,1,4,6,0.25,-0.7745966692414834,0.0,0.0
Milk,1,4,6,0.25,-0.7745966692414834,0.0,0.6666666666666666
Milk,1,4,6,0.25,-0.7745966692414834,0.0,0.6666666666666666
Milk,1,4,6,0.25,-0.7745966692414834,0.0,0.6666666666666666
Milk,1,4,6,0.25,-0.7745966692414834,0.0,0.6666666666666666
Milk,1,4,6,0.25,-0.7378647873726218,0.0,0.5
Milk,1,4,6,0.25,-0.7378647873726218,0.0,1.0
Milk,1,4,6,0.25,-0.632455532033676,0.0,1.0
Milk,1,4,6,0.4166666666666667,-0.316227766016838,0.0,0.0
Milk,1,4,6,0.4166666666666667,-0.316227766016838,0.0,0.0
Milk,1,4,6,0.4166666666666667,-0.316227766016838,0.0,0.0
Milk,1,4,6,0.4166666666666667,-0.316227766016838,0.0,0.0
Milk,1,4,6,0.4166666666666667,-0.316227766016838,0.0,1.0
Milk,1,4,6,0.4166666666666667,-0.316227766016838,0.0,1.0
Milk,1,4,6,0.4166666666666667,-0.316227766016838,0.0,1.0
Milk,1,4,6,0.4166666666666667,-0.316227766016838,0.0,1.0
Milk,1,4,6,0.4166666666666667,-0.316227766016838,0.0,1.0
Milk,1,4,6,0.4166666666666667,-0.316227766016838,0.0,1.0
Milk,1,4,6,0.4166666666666667,-0.316227766016838,0.0,1.0
Milk,1,4,6,0.4166666666666667,-0.2581988897471611,0.0,0.6666666666666666
Milk,1,4,6,0.4166666666666667,-0.2581988897471611,0.0,0.6666666666666666
Milk,1,4,6,0.4166666666666667,-0.2108185106778919,0.0,0.5
Milk,1,4,6,0.4166666666666667,-0.2108185106778919,0.0,0.5
Milk,1,4,6,0.4166666666666667,-0.2108185106778919,0.0,0.5
Milk,1,4,6,0.4166666666666667,-0.2108185106778919,0.0,1.0
Milk,1,4,6,0.4166666666666667,-0.1054092553389459,0.5,1.0
Milk,1,4,6,0.5,-0.1999999999999999,0.0,0.0
Milk,1,4,6,0.5,-0.1999999999999999,0.0,1.0
Milk,1,4,6,0.5,-0.0555555555555555,0.0,0.0
Milk,1,4,6,0.5,0.0,0.0,0.5
Milk,1,4,6,0.5,0.0,0.5,1.0
Milk,1,4,6,0.5,0.1999999999999999,0.0,1.0
Milk,1,4,6,0.5,0.1999999999999999,1.0,1.0
Milk,1,4,6,0.5,,0.25,0.75
Milk,1,4,6,0.5,,0.25,0.75
Milk,1,4,6,0.5,,0.25,0.75
Milk,1,4,6,0.5,,0.25,0.75
Milk,1,4,6,0.5,,0.25,0.75
Milk,1,4,6,0.5,,0.25,0.75
Milk,1,4,6,0.5,,0.25,0.75
Milk,1,4,6,0.5833333333333334,0.1054092553389459,0.0,0.5
Milk,1,4,6,0.5833333333333334,0.1054092553389459,0.0,0.5
Milk,1,4,6,0.5833333333333334,0.1054092553389459,0.0,0.5
Milk,1,4,6,0.5833333333333334,0.1054092553389459,0.5,1.0
Milk,1,4,6,0.5833333333333334,0.2108185106778919,0.0,1.0
Milk,1,4,6,0.5833333333333334,0.2581988897471611,0.0,0.6666666666666666
Milk,1,4,6,0.5833333333333334,0.2581988897471611,0.0,0.6666666666666666
Milk,1,4,6,0.5833333333333334,0.2581988897471611,0.0,0.6666666666666666
Milk,1,4,6,0.5833333333333334,0.2581988897471611,0.0,0.6666666666666666
Milk,1,4,6,0.5833333333333334,0.2581988897471611,0.3333333333333333,1.0
Milk,1,4,6,0.5833333333333334,0.316227766016838,0.0,1.0
Milk,1,4,6,0.5833333333333334,0.316227766016838,0.0,1.0
Milk,1,4,6,0.5833333333333334,0.316227766016838,0.0,1.0
Milk,1,4,6,0.5833333333333334,0.316227766016838,0.0,1.0
Milk,1,4,6,0.5833333333333334,0.316227766016838,0.0,1.0
Milk,1,4,6,0.6666666666666666,0.3888888888888889,0.0,0.5
Milk,1,4,6,0.6666666666666666,0.3999999999999999,0.0,1.0
Milk,1,4,6,0.6666666666666666,0.3999999999999999,0.0,1.0
Milk,1,4,6,0.6666666666666666,0.4472135954999579,0.5,1.0
Milk,1,4,6,0.6666666666666666,0.4472135954999579,0.5,1.0
Milk,1,4,6,0.6666666666666666,0.4472135954999579,0.5,1.0
Milk,1,4,6,0.6666666666666666,0.4472135954999579,0.5,1.0
Milk,1,4,6,0.6666666666666666,0.5443310539518174,0.0,0.6666666666666666
Milk,1,4,6,0.75,0.632455532033676,0.0,1.0
Milk,1,4,6,0.75,0.632455532033676,0.0,1.0
Milk,1,4,6,0.75,0.632455532033676,0.0,1.0
Milk,1,4,6,0.75,0.632455532033676,0.5,1.0
Milk,1,4,6,0.75,0.632455532033676,1.0,1.0
Milk,1,4,6,0.75,0.632455532033676,1.0,1.0
Milk,1,4,6,0.75,0.632455532033676,1.0,1.0
Milk,1,4,6,0.75,0.7378647873726218,0.0,1.0
Milk,1,4,6,0.75,0.7378647873726218,0.5,1.0
Milk,1,4,6,0.75,0.7745966692414834,0.3333333333333333,1.0
Milk,1,4,6,0.75,0.7745966692414834,0.3333333333333333,1.0
Milk,1,4,6,0.75,0.7745966692414834,0.3333333333333333,1.0
Milk,1,4,6,0.75,0.7745966692414834,0.3333333333333333,1.0
Milk,1,4,6,0.75,0.7745966692414834,0.3333333333333333,1.0
Milk,1,4,6,0.75,0.7745966692414834,1.0,1.0
Milk,1,4,6,0.75,0.7745966692414834,1.0,1.0
Milk,1,4,6,0.75,0.7745966692414834,1.0,1.0
Milk,1,4,6,0.75,0.7745966692414834,1.0,1.0
Milk,1,4,6,0.75,0.7745966692414834,1.0,1.0
Milk,1,4,6,0.8333333333333334,0.7999999999999999,0.0,1.0
Milk,1,4,6,0.8333333333333334,0.7999999999999999,1.0,1.0
Milk,1,4,6,0.8333333333333334,0.8944271909999159,0.5,1.0
Milk,1,4,6,0.8333333333333334,0.8944271909999159,0.5,1.0
Milk,1,4,6,0.8333333333333334,0.8944271909999159,0.5,1.0
Milk,1,4,6,0.8333333333333334,0.8944271909999159,0.5,1.0
Milk,1,4,6,0.9166666666666666,0.948683298050514,0.5,1.0
Milk,1,4,6,0.9166666666666666,0.948683298050514,1.0,1.0
Milk,1,4,6,0.9166666666666666,0.948683298050514,1.0,1.0
Milk,1,4,6,0.9166666666666666,0.948683298050514,1.0,1.0
Milk,1,4,6,0.9166666666666666,0.948683298050514,1.0,1.0
Milk,1,4,6,0.9166666666666666,0.948683298050514,1.0,1.0
Milk,1,4,6,1.0,1.0,1.0,1.0
Milk,1,4,6,1.0,1.0,1.0,1.0
Milk,2,5,10,0.25,-0.7181848464596079,0.0,0.0
Milk,2,5,10,0.25,-0.6668859288553501,0.0,0.0
Milk,2,5,10,0.3,-0.7071067811865475,0.0,0.5
Milk,2,5,10,0.35,-0.4472135954999578,0.0,0.6666666666666666
Milk,2,5,10,0.35,-0.2051956704170308,0.0,0.0
Milk,2,5,10,0.4,-0.2886751345948128,0.0,0.3333333333333333
Milk,2,5,10,0.45,-0.1538967528127731,0.0,1.0
Milk,2,5,10,0.45,-0.1118033988749894,0.0,0.3333333333333333
Milk,2,5,10,0.5,0.0,0.0,0.5
Milk,2,5,10,0.5,0.0,0.0,0.5
Milk,2,5,10,0.5,0.0,0.0,1.0
Milk,2,5,10,0.5,0.0,0.0,1.0
Milk,2,5,10,0.5,0.0,0.3333333333333333,1.0
Milk,2,5,10,0.5,,0.2,0.6
Milk,2,5,10,0.5,,0.2,0.6
Milk,2,5,10,0.55,0.0512989176042577,0.0,0.0
Milk,2,5,10,0.55,0.0512989176042577,0.0,1.0
Milk,2,5,10,0.55,0.0512989176042577,0.0,1.0
Milk,2,5,10,0.55,0.1025978352085154,0.0,1.0
Milk,2,5,10,0.55,0.1118033988749894,0.0,0.3333333333333333
Milk,2,5,10,0.55,0.2236067977499789,0.0,0.6666666666666666
Milk,2,5,10,0.55,0.2236067977499789,0.0,0.6666666666666666
Milk,2,5,10,0.6,0.1581138830084189,0.0,0.0
Milk,2,5,10,0.6,0.1581138830084189,0.0,0.0
Milk,2,5,10,0.6,0.2108185106778919,0.0,1.0
Milk,2,5,10,0.6,0.2635231383473649,0.0,1.0
Milk,2,5,10,0.6,0.2886751345948128,0.0,0.3333333333333333
Milk,2,5,10,0.6,0.2886751345948128,0.0,0.3333333333333333
Milk,2,5,10,0.6,0.2886751345948128,0.3333333333333333,1.0
Milk,2,5,10,0.6,0.3162277660168379,0.0,0.5
Milk,2,5,10,0.6,0.3535533905932737,0.0,0.5
Milk,2,5,10,0.6,0.3535533905932737,0.25,0.75
Milk,2,5,10,0.6,0.4999999999999999,0.0,1.0
Milk,2,5,10,0.65,0.3590924232298039,0.0,1.0
Milk,2,5,10,0.65,0.3590924232298039,0.0,1.0
Milk,2,5,10,0.65,0.4472135954999578,0.0,0.6666666666666666
Milk,2,5,10,0.65,0.4472135954999578,0.0,0.6666666666666666
Milk,2,5,10,0.65,0.4472135954999578,0.0,0.6666666666666666
Milk,2,5,10,0.65,0.4472135954999578,0.0,0.6666666666666666
Milk,2,5,10,0.65,0.4472135954999578,0.0,1.0
Milk,2,5,10,0.65,0.4472135954999578,0.3333333333333333,1.0
Milk,2,5,10,0.65,0.4472135954999578,0.3333333333333333,1.0
Milk,2,5,10,0.65,0.4472135954999578,1.0,1.0
Milk,2,5,10,0.65,0.4472135954999578,1.0,1.0
Milk,2,5,10,0.65,0.4616902584383193,1.0,1.0
Milk,2,5,10,0.65,0.4616902584383193,1.0,1.0
Milk,2,5,10,0.65,0.5642880936468347,0.0,1.0
Milk,2,5,10,0.7,0.5270462766947299,0.0,0.5
Milk,2,5,10,0.7,0.5270462766947299,1.0,1.0
Milk,2,5,10,0.7,0.5526315789473686,0.0,1.0
Milk,2,5,10,0.7,0.5773502691896257,0.5,1.0
Milk,2,5,10,0.7,0.5797509043642028,0.0,1.0
Milk,2,5,10,0.7,0.6,0.0,1.0
Milk,2,5,10,0.7,0.6324555320336759,0.0,1.0
Milk,2,5,10,0.7,0.6324555320336759,0.0,1.0
Milk,2,5,10,0.7,0.6324555320336759,0.5,1.0
Milk,2,5,10,0.7,0.7071067811865475,0.25,0.75
Milk,2,5,10,0.7,0.7071067811865475,0.25,0.75
Milk,2,5,10,0.7,0.7071067811865475,0.25,0.75
Milk,2,5,10,0.7,0.7071067811865475,1.0,1.0
Milk,2,5,10,0.7,0.7071067811865475,1.0,1.0
Milk,2,5,10,0.7,0.7071067811865475,1.0,1.0
Milk,2,5,10,0.7,0.7071067811865475,1.0,1.0
Milk,2,5,10,0.7,0.7071067811865475,1.0,1.0
Milk,2,5,10,0.7,0.7071067811865475,1.0,1.0
Milk,2,5,10,0.75,0.5642880936468347,0.0,0.5
Milk,2,5,10,0.75,0.5642880936468347,0.5,1.0
Milk,2,5,10,0.75,0.6668859288553501,0.0,1.0
Milk,2,5,10,0.75,0.6668859288553501,1.0,1.0
Milk,2,5,10,0.75,0.6708203932499368,0.0,0.6666666666666666
Milk,2,5,10,0.75,0.7181848464596079,0.0,1.0
Milk,2,5,10,0.75,0.7181848464596079,0.5,1.0
Milk,2,5,10,0.75,0.7181848464596079,0.5,1.0
Milk,2,5,10,0.8,0.7378647873726218,0.5,1.0
Milk,2,5,10,0.8,0.7894736842105264,0.0,1.0
Milk,2,5,10,0.8,0.7905694150420948,0.0,1.0
Milk,2,5,10,0.8,0.7905694150420948,0.5,1.0
Milk,2,5,10,0.8,0.7905694150420948,0.5,1.0
Milk,2,5,10,0.8,0.7905694150420948,0.5,1.0
Milk,2,5,10,0.8,0.7905694150420948,0.5,1.0
Milk,2,5,10,0.8,0.8660254037844386,0.3333333333333333,1.0
Milk,2,5,10,0.85,0.8207826816681233,0.0,1.0
Milk,2,5,10,0.85,0.8207826816681233,0.5,1.0
Milk,2,5,10,0.85,0.8207826816681233,1.0,1.0
Milk,2,5,10,0.85,0.8207826816681233,1.0,1.0
Milk,2,5,10,0.85,0.8720815992723809,0.0,1.0
Milk,2,5,10,0.85,0.8720815992723809,0.5,1.0
Milk,2,5,10,0.85,0.8944271909999157,0.3333333333333333,1.0
Milk,2,5,10,0.85,0.8944271909999157,0.3333333333333333,1.0
Milk,2,5,10,0.85,0.8944271909999157,0.3333333333333333,1.0
Milk,2,5,10,0.85,0.8944271909999157,1.0,1.0
Milk,2,5,10,0.85,0.8944271909999157,1.0,1.0
Milk,2,5,10,0.85,0.8944271909999157,1.0,1.0
Milk,2,5,10,0.9,0.8999999999999998,1.0,1.0
Milk,2,5,10,0.9,0.9486832980505138,0.5,1.0
Milk,2,5,10,0.9,0.9486832980505138,0.5,1.0
Milk,2,5,10,0.9,0.9486832980505138,0.5,1.0
Milk,2,5,10,0.9,0.9486832980505138,0.5,1.0
Milk,2,5,10,0.9,0.9486832980505138,1.0,1.0
Milk,2,5,10,0.95,0.9746794344808964,0.5,1.0
Milk,2,5,10,0.95,0.9746794344808964,1.0,1.0
Milk,2,5,10,0.95,0.9746794344808964,1.0,1.0
Milk,3,5,10,0.2,-0.7378647873726218,0.0,0.0
Milk,3,5,10,0.25,-0.6708203932499368,0.0,0.0
Milk,3,5,10,0.25,-0.6668859288553501,0.0,0.0
Milk,3,5,10,0.25,-0.6155870112510925,0.0,0.0
Milk,3,5,10,0.3,-0.7071067811865475,0.0,0.5
Milk,3,5,10,0.3,-0.5773502691896257,0.0,0.0
Milk,3,5,10,0.3,-0.5270462766947299,0.0,0.0
Milk,3,5,10,0.4,-0.2886751345948128,0.0,0.3333333333333333
Milk,3,5,10,0.45,-0.2236067977499789,0.0,0.0
Milk,3,5,10,0.45,-0.2236067977499789,0.0,0.0
Milk,3,5,10,0.45,-0.1025978352085154,0.0,0.0
Milk,3,5,10,0.45,-0.0512989176042577,0.0,0.0
Milk,3,5,10,0.5,-0.1054092553389459,0.0,1.0
Milk,3,5,10,0.5,0.0,0.0,0.0
Milk,3,5,10,0.5,0.0,0.0,0.0
Milk,3,5,10,0.5,0.0,0.0,0.0
Milk,3,5,10,0.5,0.0527046276694729,0.0,1.0
Milk,3,5,10,0.5,0.1054092553389459,1.0,1.0
Milk,3,5,10,0.55,0.0512989176042577,0.0,0.0
Milk,3,5,10,0.55,0.0512989176042577,0.0,0.0
Milk,3,5,10,0.55,0.0811107105653812,0.0,0.0
Milk,3,5,10,0.55,0.1025978352085154,0.0,0.0
Milk,3,5,10,0.55,0.2051956704170308,0.0,0.0
Milk,3,5,10,0.55,0.2236067977499789,0.0,0.6666666666666666
Milk,3,5,10,0.55,0.3077935056255462,0.0,0.5
Milk,3,5,10,0.6,0.1581138830084189,0.0,0.0
Milk,3,5,10,0.6,0.2108185106778919,0.5,1.0
Milk,3,5,10,0.6,0.2867696673382022,0.0,0.3333333333333333
Milk,3,5,10,0.6,0.2886751345948128,0.0,0.3333333333333333
Milk,3,5,10,0.6,0.2886751345948128,0.3333333333333333,1.0
Milk,3,5,10,0.6,0.3,0.0,0.0
Milk,3,5,10,0.6,0.3,0.0,0.0
Milk,3,5,10,0.6,0.3,0.0,1.0
Milk,3,5,10,0.6,0.3162277660168379,0.0,1.0
Milk,3,5,10,0.6,0.3535533905932737,0.0,0.5
Milk,3,5,10,0.6,0.3689323936863109,0.0,0.5
Milk,3,5,10,0.6,0.3689323936863109,0.0,0.5
Milk,3,5,10,0.6,0.3689323936863109,0.0,1.0
Milk,3,5,10,0.65,0.3354101966249684,0.3333333333333333,1.0
Milk,3,5,10,0.65,0.4103913408340616,0.0,1.0
Milk,3,5,10,0.65,0.4472135954999578,0.0,0.6666666666666666
Milk,3,5,10,0.65,0.4472135954999578,0.0,0.6666666666666666
Milk,3,5,10,0.65,0.4472135954999578,0.0,0.6666666666666666
Milk,3,5,10,0.65,0.4472135954999578,0.3333333333333333,1.0
Milk,3,5,10,0.65,0.4472135954999578,0.3333333333333333,1.0
Milk,3,5,10,0.65,0.4472135954999578,1.0,1.0
Milk,3,5,10,0.65,0.4616902584383193,0.0,0.5
Milk,3,5,10,0.7,0.4743416490252569,0.5,1.0
Milk,3,5,10,0.7,0.5270462766947299,0.0,0.5
Milk,3,5,10,0.7,0.5526315789473686,0.0,0.5
Milk,3,5,10,0.7,0.5735393346764044,0.0,0.6666666666666666
Milk,3,5,10,0.7,0.5773502691896257,0.5,1.0
Milk,3,5,10,0.7,0.5797509043642028,0.5,1.0
Milk,3,5,10,0.7,0.5797509043642028,0.5,1.0
Milk,3,5,10,0.7,0.6,0.0,1.0
Milk,3,5,10,0.7,0.6324555320336759,0.0,1.0
Milk,3,5,10,0.7,0.7071067811865475,1.0,1.0
Milk,3,5,10,0.7,0.7071067811865475,1.0,1.0
Milk,3,5,10,0.7,0.7071067811865475,1.0,1.0
Milk,3,5,10,0.75,0.5642880936468347,0.0,0.5
Milk,3,5,10,0.75,0.5642880936468347,1.0,1.0
Milk,3,5,10,0.75,0.6155870112510925,0.0,1.0
Milk,3,5,10,0.75,0.6668859288553501,0.0,1.0
Milk,3,5,10,0.75,0.6668859288553501,0.0,1.0
Milk,3,5,10,0.75,0.6668859288553501,0.5,1.0
Milk,3,5,10,0.75,0.6668859288553501,0.5,1.0
Milk,3,5,10,0.75,0.7181848464596079,0.0,1.0
Milk,3,5,10,0.75,0.7181848464596079,0.0,1.0
Milk,3,5,10,0.75,0.7181848464596079,0.5,1.0
Milk,3,5,10,0.75,0.7826237921249264,0.3333333333333333,1.0
Milk,3,5,10,0.8,0.7,0.0,1.0
Milk,3,5,10,0.8,0.7,1.0,1.0
Milk,3,5,10,0.8,0.7378647873726218,1.0,1.0
Milk,3,5,10,0.8,0.7905694150420948,0.0,1.0
Milk,3,5,10,0.8,0.7905694150420948,0.5,1.0
Milk,3,5,10,0.8,0.7905694150420948,0.5,1.0
Milk,3,5,10,0.8,0.8660254037844386,0.3333333333333333,1.0
Milk,3,5,10,0.8,0.8660254037844386,0.3333333333333333,1.0
Milk,3,5,10,0.8,0.8660254037844386,0.3333333333333333,1.0
Milk,3,5,10,0.8,0.8660254037844386,0.5,1.0
Milk,3,5,10,0.8,0.8660254037844386,0.5,1.0
Milk,3,5,10,0.85,0.8207826816681233,0.5,1.0
Milk,3,5,10,0.85,0.8207826816681233,1.0,1.0
Milk,3,5,10,0.85,0.8207826816681233,1.0,1.0
Milk,3,5,10,0.85,0.8207826816681233,1.0,1.0
Milk,3,5,10,0.85,0.8720815992723809,0.0,1.0
Milk,3,5,10,0.85,0.8720815992723809,0.0,1.0
Milk,3,5,10,0.85,0.8720815992723809,0.5,1.0
Milk,3,5,10,0.85,0.8720815992723809,1.0,1.0
Milk,3,5,10,0.85,0.8720815992723809,1.0,1.0
Milk,3,5,10,0.85,0.892217816219194,0.0,1.0
Milk,3,5,10,0.85,0.8944271909999157,0.3333333333333333,1.0
Milk,3,5,10,0.85,0.8944271909999157,1.0,1.0
Milk,3,5,10,0.9,0.9486832980505138,0.5,1.0
Milk,3,5,10,0.9,0.9486832980505138,0.5,1.0
Milk,3,5,10,0.9,0.9486832980505138,0.5,1.0
Milk,3,5,10,0.9,0.9486832980505138,0.5,1.0
Milk,3,5,10,0.9,0.9486832980505138,1.0,1.0
Milk,3,5,10,0.95,0.9746794344808964,1.0,1.0
Milk,3,5,10,0.95,0.9746794344808964,1.0,1.0
Milk,3,5,10,0.95,0.9746794344808964,1.0,1.0
Milk,3,5,10,1.0,1.0,1.0,1.0
Mozzarella,0,4,6,0.0833333333333333,-0.948683298050514,0.0,0.0
Mozzarella,0,4,6,0.1666666666666666,-0.8944271909999159,0.0,0.5
Mozzarella,0,4,6,0.1666666666666666,-0.8944271909999159,0.0,0.5
Mozzarella,0,4,6,0.1666666666666666,-0.7999999999999999,0.0,0.0
Mozzarella,0,4,6,0.25,-0.7745966692414834,0.0,0.6666666666666666
Mozzarella,0,4,6,0.25,-0.7378647873726218,0.0,1.0
Mozzarella,0,4,6,0.25,-0.632455532033676,0.0,0.0
Mozzarella,0,4,6,0.3333333333333333,-0.4472135954999579,0.0,0.5
Mozzarella,0,4,6,0.4166666666666667,-0.316227766016838,0.0,0.0
Mozzarella,0,4,6,0.4166666666666667,-0.316227766016838,0.0,0.0
Mozzarella,0,4,6,0.4166666666666667,-0.316227766016838,0.0,1.0
Mozzarella,0,4,6,0.4166666666666667,-0.316227766016838,0.0,1.0
Mozzarella,0,4,6,0.4166666666666667,-0.316227766016838,0.0,1.0
Mozzarella,0,4,6,0.4166666666666667,-0.2581988897471611,0.0,0.6666666666666666
Mozzarella,0,4,6,0.4166666666666667,-0.2581988897471611,0.0,0.6666666666666666
Mozzarella,0,4,6,0.4166666666666667,-0.2108185106778919,0.0,0.5
Mozzarella,0,4,6,0.4166666666666667,-0.2108185106778919,0.0,1.0
Mozzarella,0,4,6,0.5,0.0,0.0,1.0
Mozzarella,0,4,6,0.5,0.0,0.0,1.0
Mozzarella,0,4,6,0.5,0.0,0.5,1.0
Mozzarella,0,4,6,0.5,,0.25,0.75
Mozzarella,0,4,6,0.5,,0.25,0.75
Mozzarella,0,4,6,0.5,,0.25,0.75
Mozzarella,0,4,6,0.5833333333333334,0.1054092553389459,0.0,0.5
Mozzarella,0,4,6,0.5833333333333334,0.1054092553389459,0.0,0.5
Mozzarella,0,4,6,0.5833333333333334,0.1054092553389459,0.0,0.5
Mozzarella,0,4,6,0.5833333333333334,0.1054092553389459,0.0,0.5
Mozzarella,0,4,6,0.5833333333333334,0.1054092553389459,0.5,1.0
Mozzarella,0,4,6,0.5833333333333334,0.2108185106778919,0.5,1.0
Mozzarella,0,4,6,0.5833333333333334,0.2108185106778919,0.5,1.0
Mozzarella,0,4,6,0.5833333333333334,0.2581988897471611,0.0,0.6666666666666666
Mozzarella,0,4,6,0.5833333333333334,0.2581988897471611,0.0,0.6666666666666666
Mozzarella,0,4,6,0.5833333333333334,0.316227766016838,0.0,1.0
Mozzarella,0,4,6,0.5833333333333334,0.316227766016838,0.0,1.0
Mozzarella,0,4,6,0.5833333333333334,0.316227766016838,0.0,1.0
Mozzarella,0,4,6,0.5833333333333334,0.316227766016838,0.0,1.0
Mozzarella,0,4,6,0.5833333333333334,0.316227766016838,0.0,1.0
Mozzarella,0,4,6,0.5833333333333334,0.316227766016838,0.0,1.0
Mozzarella,0,4,6,0.5833333333333334,0.316227766016838,0.0,1.0
Mozzarella,0,4,6,0.5833333333333334,0.316227766016838,1.0,1.0
Mozzarella,0,4,6,0.5833333333333334,0.316227766016838,1.0,1.0
Mozzarella,0,4,6,0.5833333333333334,0.316227766016838,1.0,1.0
Mozzarella,0,4,6,0.5833333333333334,0.316227766016838,1.0,1.0
Mozzarella,0,4,6,0.5833333333333334,0.316227766016838,1.0,1.0
Mozzarella,0,4,6,0.5833333333333334,0.316227766016838,1.0,1.0
Mozzarella,0,4,6,0.6666666666666666,0.3999999999999999,0.0,1.0
Mozzarella,0,4,6,0.6666666666666666,0.3999999999999999,0.0,1.0
Mozzarella,0,4,6,0.6666666666666666,0.3999999999999999,1.0,1.0
Mozzarella,0,4,6,0.6666666666666666,0.4472135954999579,0.5,1.0
Mozzarella,0,4,6,0.6666666666666666,0.4472135954999579,0.5,1.0
Mozzarella,0,4,6,0.6666666666666666,0.4472135954999579,0.5,1.0
Mozzarella,0,4,6,0.6666666666666666,0.4472135954999579,0.5,1.0
Mozzarella,0,4,6,0.6666666666666666,0.4472135954999579,0.5,1.0
Mozzarella,0,4,6,0.75,0.632455532033676,0.0,1.0
Mozzarella,0,4,6,0.75,0.632455532033676,0.0,1.0
Mozzarella,0,4,6,0.75,0.632455532033676,0.5,1.0
Mozzarella,0,4,6,0.75,0.632455532033676,1.0,1.0
Mozzarella,0,4,6,0.75,0.632455532033676,1.0,1.0
Mozzarella,0,4,6,0.75,0.632455532033676,1.0,1.0
Mozzarella,0,4,6,0.75,0.632455532033676,1.0,1.0
Mozzarella,0,4,6,0.75,0.632455532033676,1.0,1.0
Mozzarella,0,4,6,0.75,0.632455532033676,1.0,1.0
Mozzarella,0,4,6,0.75,0.632455532033676,1.0,1.0
Mozzarella,0,4,6,0.75,0.632455532033676,1.0,1.0
Mozzarella,0,4,6,0.75,0.632455532033676,1.0,1.0
Mozzarella,0,4,6,0.75,0.632455532033676,1.0,1.0
Mozzarella,0,4,6,0.75,0.632455532033676,1.0,1.0
Mozzarella,0,4,6,0.75,0.7378647873726218,0.0,1.0
Mozzarella,0,4,6,0.75,0.7378647873726218,0.0,1.0
Mozzarella,0,4,6,0.75,0.7378647873726218,0.0,1.0
Mozzarella,0,4,6,0.75,0.7378647873726218,0.5,1.0
Mozzarella,0,4,6,0.75,0.7378647873726218,0.5,1.0
Mozzarella,0,4,6,0.75,0.7378647873726218,0.5,1.0
Mozzarella,0,4,6,0.75,0.7745966692414834,0.3333333333333333,1.0
Mozzarella,0,4,6,0.75,0.7745966692414834,0.3333333333333333,1.0
Mozzarella,0,4,6,0.75,0.7745966692414834,0.3333333333333333,1.0
Mozzarella,0,4,6,0.75,0.7745966692414834,0.3333333333333333,1.0
Mozzarella,0,4,6,0.75,0.7745966692414834,0.3333333333333333,1.0
Mozzarella,0,4,6,0.75,0.7745966692414834,1.0,1.0
Mozzarella,0,4,6,0.75,0.7745966692414834,1.0,1.0
Mozzarella,0,4,6,0.75,0.7745966692414834,1.0,1.0
Mozzarella,0,4,6,0.75,0.7745966692414834,1.0,1.0
Mozzarella,0,4,6,0.75,0.7745966692414834,1.0,1.0
Mozzarella,0,4,6,0.75,0.7745966692414834,1.0,1.0
Mozzarella,0,4,6,0.75,0.7745966692414834,1.0,1.0
Mozzarella,0,4,6,0.8333333333333334,0.7999999999999999,0.0,1.0
Mozzarella,0,4,6,0.8333333333333334,0.7999999999999999,0.0,1.0
Mozzarella,0,4,6,0.8333333333333334,0.7999999999999999,0.0,1.0
Mozzarella,0,4,6,0.8333333333333334,0.7999999999999999,1.0,1.0
Mozzarella,0,4,6,0.8333333333333334,0.7999999999999999,1.0,1.0
Mozzarella,0,4,6,0.8333333333333334,0.7999999999999999,1.0,1.0
Mozzarella,0,4,6,0.8333333333333334,0.7999999999999999,1.0,1.0
Mozzarella,0,4,6,0.8333333333333334,0.7999999999999999,1.0,1.0
Mozzarella,0,4,6,0.8333333333333334,0.7999999999999999,1.0,1.0
Mozzarella,0,4,6,0.8333333333333334,0.8944271909999159,0.5,1.0
Mozzarella,0,4,6,0.8333333333333334,0.8944271909999159,0.5,1.0
Mozzarella,0,4,6,0.8333333333333334,0.8944271909999159,0.5,1.0
Mozzarella,0,4,6,0.9166666666666666,0.948683298050514,0.5,1.0
Mozzarella,0,4,6,0.9166666666666666,0.948683298050514,1.0,1.0
Mozzarella,0,4,6,0.9166666666666666,0.948683298050514,1.0,1.0
Mozzarella,0,4,6,0.9166666666666666,0.948683298050514,1.0,1.0
Mozzarella,0,4,6,0.9166666666666666,0.948683298050514,1.0,1.0
Mozzarella,0,4,6,0.9166666666666666,0.948683298050514,1.0,1.0
Mozzarella,0,4,6,0.9166666666666666,0.948683298050514,1.0,1.0
Mozzarella,0,4,6,0.9166666666666666,0.948683298050514,1.0,1.0
Mozzarella,0,4,6,0.9166666666666666,0.948683298050514,1.0,1.0
Mozzarella,0,4,6,0.9166666666666666,0.948683298050514,1.0,1.0
Mozzarella,0,4,6,0.9166666666666666,0.948683298050514,1.0,1.0
Mozzarella,0,4,6,1.0,1.0,1.0,1.0
Mozzarella,0,4,6,1.0,1.0,1.0,1.0
Mozzarella,0,4,6,1.0,1.0,1.0,1.0
Mozzarella,0,4,6,1.0,1.0,1.0,1.0
Mozzarella,0,4,6,1.0,1.0,1.0,1.0
Mozzarella,0,4,6,1.0,1.0,1.0,1.0
Mozzarella,1,4,6,0.0833333333333333,-0.948683298050514,0.0,0.0
Mozzarella,1,4,6,0.0833333333333333,-0.948683298050514,0.0,0.0
Mozzarella,1,4,6,0.0833333333333333,-0.948683298050514,0.0,0.0
Mozzarella,1,4,6,0.0833333333333333,-0.948683298050514,0.0,0.0
Mozzarella,1,4,6,0.0833333333333333,-0.948683298050514,0.0,0.0
Mozzarella,1,4,6,0.1666666666666666,-0.8944271909999159,0.0,0.5
Mozzarella,1,4,6,0.1666666666666666,-0.7999999999999999,0.0,0.0
Mozzarella,1,4,6,0.1666666666666666,-0.7999999999999999,0.0,0.0
Mozzarella,1,4,6,0.25,-0.7745966692414834,0.0,0.0
Mozzarella,1,4,6,0.25,-0.7745966692414834,0.0,0.0
Mozzarella,1,4,6,0.25,-0.7745966692414834,0.0,0.0
Mozzarella,1,4,6,0.25,-0.7745966692414834,0.0,0.6666666666666666
Mozzarella,1,4,6,0.25,-0.7745966692414834,0.0,0.6666666666666666
Mozzarella,1,4,6,0.25,-0.7745966692414834,0.0,0.6666666666666666
Mozzarella,1,4,6,0.25,-0.7378647873726218,0.0,0.5
Mozzarella,1,4,6,0.25,-0.7378647873726218,0.0,0.5
Mozzarella,1,4,6,0.25,-0.632455532033676,0.0,0.0
Mozzarella,1,4,6,0.25,-0.632455532033676,0.0,0.0
Mozzarella,1,4,6,0.3333333333333333,-0.4472135954999579,0.0,0.5
Mozzarella,1,4,6,0.3333333333333333,-0.4472135954999579,0.0,0.5
Mozzarella,1,4,6,0.3333333333333333,-0.4472135954999579,0.0,0.5
Mozzarella,1,4,6,0.3333333333333333,-0.3999999999999999,0.0,1.0
Mozzarella,1,4,6,0.4166666666666667,-0.316227766016838,0.0,0.0
Mozzarella,1,4,6,0.4166666666666667,-0.316227766016838,0.0,0.0
Mozzarella,1,4,6,0.4166666666666667,-0.316227766016838,0.0,1.0
Mozzarella,1,4,6,0.4166666666666667,-0.316227766016838,0.0,1.0
Mozzarella,1,4,6,0.4166666666666667,-0.316227766016838,0.0,1.0
Mozzarella,1,4,6,0.4166666666666667,-0.2581988897471611,0.0,0.6666666666666666
Mozzarella,1,4,6,0.4166666666666667,-0.2581988897471611,0.3333333333333333,1.0
Mozzarella,1,4,6,0.4166666666666667,-0.2108185106778919,0.0,1.0
Mozzarella,1,4,6,0.4166666666666667,-0.1054092553389459,0.0,0.5
Mozzarella,1,4,6,0.4166666666666667,-0.1054092553389459,0.0,0.5
Mozzarella,1,4,6,0.4166666666666667,-0.1054092553389459,0.0,0.5
Mozzarella,1,4,6,0.4166666666666667,-0.1054092553389459,0.5,1.0
Mozzarella,1,4,6,0.5,-0.1999999999999999,0.0,0.0
Mozzarella,1,4,6,0.5,-0.1999999999999999,0.0,0.0
Mozzarella,1,4,6,0.5,0.0,0.5,1.0
Mozzarella,1,4,6,0.5,,0.25,0.75
Mozzarella,1,4,6,0.5,,0.25,0.75
Mozzarella,1,4,6,0.5,,0.25,0.75
Mozzarella,1,4,6,0.5,,0.25,0.75
Mozzarella,1,4,6,0.5,,0.25,0.75
Mozzarella,1,4,6,0.5,,0.25,0.75
Mozzarella,1,4,6,0.5,,0.25,0.75
Mozzarella,1,4,6,0.5,,0.25,0.75
Mozzarella,1,4,6,0.5833333333333334,0.1054092553389459,0.0,0.5
Mozzarella,1,4,6,0.5833333333333334,0.1054092553389459,0.5,1.0
Mozzarella,1,4,6,0.5833333333333334,0.2108185106778919,0.0,1.0
Mozzarella,1,4,6,0.5833333333333334,0.2108185106778919,0.0,1.0
Mozzarella,1,4,6,0.5833333333333334,0.2108185106778919,0.0,1.0
Mozzarella,1,4,6,0.5833333333333334,0.2581988897471611,0.0,0.6666666666666666
Mozzarella,1,4,6,0.5833333333333334,0.2581988897471611,0.0,0.6666666666666666
Mozzarella,1,4,6,0.5833333333333334,0.2581988897471611,0.0,0.6666666666666666
Mozzarella,1,4,6,0.5833333333333334,0.2581988897471611,0.0,0.6666666666666666
Mozzarella,1,4,6,0.5833333333333334,0.2581988897471611,0.0,0.6666666666666666
Mozzarella,1,4,6,0.5833333333333334,0.2581988897471611,0.3333333333333333,1.0
Mozzarella,1,4,6,0.5833333333333334,0.2581988897471611,0.3333333333333333,1.0
Mozzarella,1,4,6,0.5833333333333334,0.2581988897471611,0.3333333333333333,1.0
Mozzarella,1,4,6,0.5833333333333334,0.316227766016838,0.0,1.0
Mozzarella,1,4,6,0.5833333333333334,0.316227766016838,0.0,1.0
Mozzarella,1,4,6,0.5833333333333334,0.316227766016838,0.0,1.0
Mozzarella,1,4,6,0.5833333333333334,0.316227766016838,0.0,1.0
Mozzarella,1,4,6,0.5833333333333334,0.316227766016838,0.0,1.0
Mozzarella,1,4,6,0.5833333333333334,0.316227766016838,1.0,1.0
Mozzarella,1,4,6,0.5833333333333334,0.316227766016838,1.0,1.0
Mozzarella,1,4,6,0.5833333333333334,0.316227766016838,1.0,1.0
Mozzarella,1,4,6,0.75,0.632455532033676,0.0,1.0
Mozzarella,1,4,6,0.75,0.632455532033676,0.0,1.0
Mozzarella,1,4,6,0.75,0.632455532033676,0.0,1.0
Mozzarella,1,4,6,0.75,0.632455532033676,1.0,1.0
Mozzarella,1,4,6,0.75,0.632455532033676,1.0,1.0
Mozzarella,1,4,6,0.75,0.632455532033676,1.0,1.0
Mozzarella,1,4,6,0.75,0.632455532033676,1.0,1.0
Mozzarella,1,4,6,0.75,0.632455532033676,1.0,1.0
Mozzarella,1,4,6,0.75,0.632455532033676,1.0,1.0
Mozzarella,1,4,6,0.75,0.632455532033676,1.0,1.0
Mozzarella,1,4,6,0.75,0.7378647873726218,0.5,1.0
Mozzarella,1,4,6,0.75,0.7745966692414834,0.3333333333333333,1.0
Mozzarella,1,4,6,0.75,0.7745966692414834,1.0,1.0
Mozzarella,1,4,6,0.75,0.7745966692414834,1.0,1.0
Mozzarella,1,4,6,0.75,0.7745966692414834,1.0,1.0
Mozzarella,1,4,6,0.75,0.7745966692414834,1.0,1.0
Mozzarella,1,4,6,0.8333333333333334,0.7999999999999999,1.0,1.0
Mozzarella,1,4,6,0.8333333333333334,0.7999999999999999,1.0,1.0
Mozzarella,1,4,6,0.8333333333333334,0.7999999999999999,1.0,1.0
Mozzarella,1,4,6,0.8333333333333334,0.7999999999999999,1.0,1.0
Mozzarella,1,4,6,0.8333333333333334,0.7999999999999999,1.0,1.0
Mozzarella,1,4,6,0.8333333333333334,0.7999999999999999,1.0,1.0
Mozzarella,1,4,6,0.8333333333333334,0.7999999999999999,1.0,1.0
Mozzarella,1,4,6,0.8333333333333334,0.8944271909999159,0.5,1.0
Mozzarella,1,4,6,0.8333333333333334,0.8944271909999159,0.5,1.0
Mozzarella,1,4,6,0.8333333333333334,0.8944271909999159,0.5,1.0
Mozzarella,1,4,6,0.8333333333333334,0.8944271909999159,0.5,1.0
Mozzarella,1,4,6,0.8333333333333334,0.8944271909999159,0.5,1.0
Mozzarella,1,4,6,0.9166666666666666,0.948683298050514,0.5,1.0
Mozzarella,1,4,6,0.9166666666666666,0.948683298050514,0.5,1.0
Mozzarella,1,4,6,0.9166666666666666,0.948683298050514,0.5,1.0
Mozzarella,1,4,6,0.9166666666666666,0.948683298050514,1.0,1.0
Mozzarella,1,4,6,0.9166666666666666,0.948683298050514,1.0,1.0
Mozzarella,1,4,6,0.9166666666666666,0.948683298050514,1.0,1.0
Mozzarella,1,4,6,0.9166666666666666,0.948683298050514,1.0,1.0
Mozzarella,1,4,6,0.9166666666666666,0.948683298050514,1.0,1.0
Nuggets,0,3,3,0.0,-1.0,0.0,1.0
Nuggets,0,3,3,0.0,-1.0,0.0,1.0
Nuggets,0,3,3,0.0,-1.0,0.0,1.0
Nuggets,0,3,3,0.0,-1.0,0.0,1.0
Nuggets,0,3,3,0.0,-1.0,0.0,1.0
Nuggets,0,3,3,0.0,-1.0,0.0,1.0
Nuggets,0,3,3,0.0,-1.0,0.0,1.0
Nuggets,0,3,3,0.0,-1.0,0.0,1.0
Nuggets,0,3,3,0.1666666666666666,-0.8660254037844387,0.0,1.0
Nuggets,0,3,3,0.1666666666666666,-0.8660254037844387,0.0,1.0
Nuggets,0,3,3,0.1666666666666666,-0.8660254037844387,0.0,1.0
Nuggets,0,3,3,0.1666666666666666,-0.8660254037844387,0.0,1.0
Nuggets,0,3,3,0.1666666666666666,-0.8660254037844387,0.0,1.0
Nuggets,0,3,3,0.1666666666666666,-0.8660254037844387,0.0,1.0
Nuggets,0,3,3,0.3333333333333333,-0.5000000000000001,0.0,1.0
Nuggets,0,3,3,0.3333333333333333,-0.5000000000000001,0.0,1.0
Nuggets,0,3,3,0.3333333333333333,-0.5000000000000001,0.0,1.0
Nuggets,0,3,3,0.3333333333333333,-0.5000000000000001,0.0,1.0
Nuggets,0,3,3,0.3333333333333333,-0.5000000000000001,0.0,1.0
Nuggets,0,3,3,0.3333333333333333,-0.5,0.0,1.0
Nuggets,0,3,3,0.3333333333333333,-0.5,0.0,1.0
Nuggets,0,3,3,0.3333333333333333,-0.5,0.0,1.0
Nuggets,0,3,3,0.3333333333333333,-0.5,0.0,1.0
Nuggets,0,3,3,0.3333333333333333,-0.5,0.0,1.0
Nuggets,0,3,3,0.3333333333333333,-0.5,0.0,1.0
Nuggets,0,3,3,0.3333333333333333,-0.5,0.0,1.0
Nuggets,0,3,3,0.3333333333333333,-0.5,0.0,1.0
Nuggets,0,3,3,0.3333333333333333,-0.5,0.0,1.0
Nuggets,0,3,3,0.3333333333333333,-0.5,0.0,1.0
Nuggets,0,3,3,0.3333333333333333,-0.5,0.0,1.0
Nuggets,0,3,3,0.3333333333333333,-0.5,0.0,1.0
Nuggets,0,3,3,0.5,0.0,0.5,1.0
Nuggets,0,3,3,0.5,0.0,0.5,1.0
Nuggets,0,3,3,0.5,0.0,0.5,1.0
Nuggets,0,3,3,0.5,0.0,0.5,1.0
Nuggets,0,3,3,0.5,0.0,0.5,1.0
Nuggets,0,3,3,0.5,0.0,0.5,1.0
Nuggets,0,3,3,0.5,0.0,0.5,1.0
Nuggets,0,3,3,0.5,0.0,0.5,1.0
Nuggets,0,3,3,0.5,0.0,0.5,1.0
Nuggets,0,3,3,0.5,0.0,0.5,1.0
Nuggets,0,3,3,0.5,0.0,0.5,1.0
Nuggets,0,3,3,0.5,0.0,0.5,1.0
Nuggets,0,3,3,0.5,0.0,0.5,1.0
Nuggets,0,3,3,0.5,0.0,0.5,1.0
Nuggets,0,3,3,0.5,,0.3333333333333333,1.0
Nuggets,0,3,3,0.5,,0.3333333333333333,1.0
Nuggets,0,3,3,0.6666666666666666,0.5,1.0,1.0
Nuggets,0,3,3,0.6666666666666666,0.5,1.0,1.0
Nuggets,0,3,3,0.6666666666666666,0.5,1.0,1.0
Nuggets,0,3,3,0.6666666666666666,0.5,1.0,1.0
Nuggets,0,3,3,0.6666666666666666,0.5,1.0,1.0
Nuggets,0,3,3,0.6666666666666666,0.5,1.0,1.0
Nuggets,0,3,3,0.6666666666666666,0.5,1.0,1.0
Nuggets,0,3,3,0.6666666666666666,0.5,1.0,1.0
Nuggets,0,3,3,0.6666666666666666,0.5,1.0,1.0
Nuggets,0,3,3,0.6666666666666666,0.5,1.0,1.0
Nuggets,0,3,3,0.6666666666666666,0.5,1.0,1.0
Nuggets,0,3,3,0.6666666666666666,0.5,1.0,1.0
Nuggets,0,3,3,0.6666666666666666,0.5,1.0,1.0
Nuggets,0,3,3,0.6666666666666666,0.5,1.0,1.0
Nuggets,0,3,3,0.6666666666666666,0.5,1.0,1.0
Nuggets,0,3,3,0.6666666666666666,0.5,1.0,1.0
Nuggets,0,3,3,0.6666666666666666,0.5,1.0,1.0
Nuggets,0,3,3,0.6666666666666666,0.5,1.0,1.0
Nuggets,0,3,3,0.6666666666666666,0.5,1.0,1.0
Nuggets,0,3,3,0.6666666666666666,0.5,1.0,1.0
Nuggets,0,3,3,0.6666666666666666,0.5,1.0,1.0
Nuggets,0,3,3,0.6666666666666666,0.5,1.0,1.0
Nuggets,0,3,3,0.6666666666666666,0.5,1.0,1.0
Nuggets,0,3,3,0.6666666666666666,0.5,1.0,1.0
Nuggets,0,3,3,0.6666666666666666,0.5,1.0,1.0
Nuggets,0,3,3,0.6666666666666666,0.5,1.0,1.0
Nuggets,0,3,3,0.6666666666666666,0.5,1.0,1.0
Nuggets,0,3,3,0.6666666666666666,0.5,1.0,1.0
Nuggets,0,3,3,0.6666666666666666,0.5,1.0,1.0
Nuggets,0,3,3,0.6666666666666666,0.5,1.0,1.0
Nuggets,0,3,3,0.6666666666666666,0.5,1.0,1.0
Nuggets,0,3,3,0.6666666666666666,0.5000000000000001,0.5,1.0
Nuggets,0,3,3,0.8333333333333334,0.8660254037844387,1.0,1.0
Nuggets,0,3,3,0.8333333333333334,0.8660254037844387,1.0,1.0
Nuggets,0,3,3,0.8333333333333334,0.8660254037844387,1.0,1.0
Nuggets,0,3,3,0.8333333333333334,0.8660254037844387,1.0,1.0
Nuggets,0,3,3,0.8333333333333334,0.8660254037844387,1.0,1.0
Nuggets,0,3,3,0.8333333333333334,0.8660254037844387,1.0,1.0
Nuggets,0,3,3,0.8333333333333334,0.8660254037844387,1.0,1.0
Nuggets,0,3,3,0.8333333333333334,0.8660254037844387,1.0,1.0
Nuggets,0,3,3,0.8333333333333334,0.8660254037844387,1.0,1.0
Nuggets,0,3,3,0.8333333333333334,0.8660254037844387,1.0,1.0
Nuggets,0,3,3,0.8333333333333334,0.8660254037844387,1.0,1.0
Nuggets,0,3,3,0.8333333333333334,0.8660254037844387,1.0,1.0
Nuggets,0,3,3,0.8333333333333334,0.8660254037844387,1.0,1.0
Nuggets,0,3,3,0.8333333333333334,0.8660254037844387,1.0,1.0
Nuggets,0,3,3,0.8333333333333334,0.8660254037844387,1.0,1.0
Nuggets,0,3,3,0.8333333333333334,0.8660254037844387,1.0,1.0
Nuggets,0,3,3,0.8333333333333334,0.8660254037844387,1.0,1.0
Nuggets,0,3,3,0.8333333333333334,0.8660254037844387,1.0,1.0
Nuggets,0,3,3,0.8333333333333334,0.8660254037844387,1.0,1.0
Nuggets,0,3,3,0.8333333333333334,0.8660254037844387,1.0,1.0
Nuggets,0,3,3,0.8333333333333334,0.8660254037844387,1.0,1.0
Nuggets,0,3,3,0.8333333333333334,0.8660254037844387,1.0,1.0
Nuggets,0,3,3,0.8333333333333334,0.8660254037844387,1.0,1.0
Nuggets,0,3,3,0.8333333333333334,0.8660254037844387,1.0,1.0
Nuggets,0,3,3,0.8333333333333334,0.8660254037844387,1.0,1.0
Nuggets,0,3,3,0.8333333333333334,0.8660254037844387,1.0,1.0
Nuggets,0,3,3,0.8333333333333334,0.8660254037844387,1.0,1.0
Nuggets,1,3,3,0.0,-1.0,0.0,1.0
Nuggets,1,3,3,0.0,-1.0,0.0,1.0
Nuggets,1,3,3,0.0,-1.0,0.0,1.0
Nuggets,1,3,3,0.0,-1.0,0.0,1.0
Nuggets,1,3,3,0.1666666666666666,-0.8660254037844387,0.0,1.0
Nuggets,1,3,3,0.1666666666666666,-0.8660254037844387,0.0,1.0
Nuggets,1,3,3,0.1666666666666666,-0.8660254037844387,0.0,1.0
Nuggets,1,3,3,0.1666666666666666,-0.8660254037844387,0.0,1.0
Nuggets,1,3,3,0.1666666666666666,-0.8660254037844387,0.0,1.0
Nuggets,1,3,3,0.1666666666666666,-0.8660254037844387,0.0,1.0
Nuggets,1,3,3,0.1666666666666666,-0.8660254037844387,0.0,1.0
Nuggets,1,3,3,0.1666666666666666,-0.8660254037844387,0.0,1.0
Nuggets,1,3,3,0.1666666666666666,-0.8660254037844387,0.0,1.0
Nuggets,1,3,3,0.1666666666666666,-0.8660254037844387,0.0,1.0
Nuggets,1,3,3,0.3333333333333333,-0.5,0.0,1.0
Nuggets,1,3,3,0.3333333333333333,-0.5,0.0,1.0
Nuggets,1,3,3,0.3333333333333333,-0.5,0.0,1.0
Nuggets,1,3,3,0.3333333333333333,-0.5,0.0,1.0
Nuggets,1,3,3,0.3333333333333333,-0.5,0.0,1.0
Nuggets,1,3,3,0.3333333333333333,-0.5,0.0,1.0
Nuggets,1,3,3,0.3333333333333333,-0.5,0.0,1.0
Nuggets,1,3,3,0.3333333333333333,-0.5,0.0,1.0
Nuggets,1,3,3,0.3333333333333333,-0.5,0.0,1.0
Nuggets,1,3,3,0.3333333333333333,-0.5,0.0,1.0
Nuggets,1,3,3,0.3333333333333333,-0.5,0.0,1.0
Nuggets,1,3,3,0.5,0.0,0.0,1.0
Nuggets,1,3,3,0.5,0.0,0.0,1.0
Nuggets,1,3,3,0.5,0.0,0.0,1.0
Nuggets,1,3,3,0.5,0.0,0.5,1.0
Nuggets,1,3,3,0.5,0.0,0.5,1.0
Nuggets,1,3,3,0.5,0.0,0.5,1.0
Nuggets,1,3,3,0.5,0.0,0.5,1.0
Nuggets,1,3,3,0.5,0.0,0.5,1.0
Nuggets,1,3,3,0.5,,0.3333333333333333,1.0
Nuggets,1,3,3,0.5,,0.3333333333333333,1.0
Nuggets,1,3,3,0.5,,0.3333333333333333,1.0
Nuggets,1,3,3,0.5,,0.3333333333333333,1.0
Nuggets,1,3,3,0.5,,0.3333333333333333,1.0
Nuggets,1,3,3,0.5,,0.3333333333333333,1.0
Nuggets,1,3,3,0.6666666666666666,0.5,0.0,1.0
Nuggets,1,3,3,0.6666666666666666,0.5,0.0,1.0
Nuggets,1,3,3,0.6666666666666666,0.5,0.0,1.0
Nuggets,1,3,3,0.6666666666666666,0.5,0.0,1.0
Nuggets,1,3,3,0.6666666666666666,0.5,0.0,1.0
Nuggets,1,3,3,0.6666666666666666,0.5,0.0,1.0
Nuggets,1,3,3,0.6666666666666666,0.5,0.0,1.0
Nuggets,1,3,3,0.6666666666666666,0.5,0.0,1.0
Nuggets,1,3,3,0.6666666666666666,0.5,1.0,1.0
Nuggets,1,3,3,0.6666666666666666,0.5,1.0,1.0
Nuggets,1,3,3,0.6666666666666666,0.5,1.0,1.0
Nuggets,1,3,3,0.8333333333333334,0.8660254037844387,0.5,1.0
Nuggets,1,3,3,0.8333333333333334,0.8660254037844387,0.5,1.0
Nuggets,1,3,3,0.8333333333333334,0.8660254037844387,0.5,1.0
Nuggets,1,3,3,0.8333333333333334,0.8660254037844387,0.5,1.0
Nuggets,1,3,3,0.8333333333333334,0.8660254037844387,0.5,1.0
Nuggets,1,3,3,0.8333333333333334,0.8660254037844387,0.5,1.0
Nuggets,1,3,3,0.8333333333333334,0.8660254037844387,0.5,1.0
Nuggets,1,3,3,0.8333333333333334,0.8660254037844387,0.5,1.0
Nuggets,1,3,3,0.8333333333333334,0.8660254037844387,0.5,1.0
Nuggets,1,3,3,0.8333333333333334,0.8660254037844387,0.5,1.0
Nuggets,1,3,3,0.8333333333333334,0.8660254037844387,0.5,1.0
Nuggets,1,3,3,0.8333333333333334,0.8660254037844387,0.5,1.0
Nuggets,1,3,3,0.8333333333333334,0.8660254037844387,0.5,1.0
Nuggets,1,3,3,0.8333333333333334,0.8660254037844387,0.5,1.0
Nuggets,1,3,3,0.8333333333333334,0.8660254037844387,0.5,1.0
Nuggets,1,3,3,0.8333333333333334,0.8660254037844387,0.5,1.0
Nuggets,1,3,3,0.8333333333333334,0.8660254037844387,0.5,1.0
Nuggets,1,3,3,0.8333333333333334,0.8660254037844387,1.0,1.0
Nuggets,1,3,3,0.8333333333333334,0.8660254037844387,1.0,1.0
Nuggets,1,3,3,0.8333333333333334,0.8660254037844387,1.0,1.0
Nuggets,1,3,3,0.8333333333333334,0.8660254037844387,1.0,1.0
Nuggets,1,3,3,0.8333333333333334,0.8660254037844387,1.0,1.0
Nuggets,1,3,3,0.8333333333333334,0.8660254037844387,1.0,1.0
Nuggets,1,3,3,1.0,1.0,1.0,1.0
Nuggets,1,3,3,1.0,1.0,1.0,1.0
Nuggets,1,3,3,1.0,1.0,1.0,1.0
Nuggets,1,3,3,1.0,1.0,1.0,1.0
Nuggets,1,3,3,1.0,1.0,1.0,1.0
Nuggets,1,3,3,1.0,1.0,1.0,1.0
Nuggets,2,4,6,0.0833333333333333,-0.948683298050514,0.0,0.0
Nuggets,2,4,6,0.1666666666666666,-0.8944271909999159,0.0,0.5
Nuggets,2,4,6,0.25,-0.7745966692414834,0.0,0.0
Nuggets,2,4,6,0.3333333333333333,-0.4472135954999579,0.0,0.5
Nuggets,2,4,6,0.4166666666666667,-0.316227766016838,0.0,1.0
Nuggets,2,4,6,0.4166666666666667,-0.316227766016838,0.0,1.0
Nuggets,2,4,6,0.4166666666666667,-0.316227766016838,0.0,1.0
Nuggets,2,4,6,0.4166666666666667,-0.2581988897471611,0.0,0.6666666666666666
Nuggets,2,4,6,0.4166666666666667,-0.2581988897471611,0.0,0.6666666666666666
Nuggets,2,4,6,0.4166666666666667,-0.1054092553389459,0.5,1.0
Nuggets,2,4,6,0.5,0.0,0.0,0.5
Nuggets,2,4,6,0.5,0.0,0.5,1.0
Nuggets,2,4,6,0.5,,0.25,0.75
Nuggets,2,4,6,0.5,,0.25,0.75
Nuggets,2,4,6,0.5,,0.25,0.75
Nuggets,2,4,6,0.5,,0.25,0.75
Nuggets,2,4,6,0.5833333333333334,0.1054092553389459,0.5,1.0
Nuggets,2,4,6,0.5833333333333334,0.1054092553389459,0.5,1.0
Nuggets,2,4,6,0.5833333333333334,0.1054092553389459,0.5,1.0
Nuggets,2,4,6,0.5833333333333334,0.1054092553389459,0.5,1.0
Nuggets,2,4,6,0.5833333333333334,0.2108185106778919,0.0,1.0
Nuggets,2,4,6,0.5833333333333334,0.2108185106778919,0.0,1.0
Nuggets,2,4,6,0.5833333333333334,0.2108185106778919,0.5,1.0
Nuggets,2,4,6,0.5833333333333334,0.2581988897471611,0.0,0.6666666666666666
Nuggets,2,4,6,0.5833333333333334,0.2581988897471611,0.0,0.6666666666666666
Nuggets,2,4,6,0.5833333333333334,0.2581988897471611,0.0,0.6666666666666666
Nuggets,2,4,6,0.5833333333333334,0.2581988897471611,0.0,0.6666666666666666
Nuggets,2,4,6,0.5833333333333334,0.2581988897471611,0.3333333333333333,1.0
Nuggets,2,4,6,0.5833333333333334,0.316227766016838,0.0,1.0
Nuggets,2,4,6,0.5833333333333334,0.316227766016838,0.0,1.0
Nuggets,2,4,6,0.5833333333333334,0.316227766016838,0.0,1.0
Nuggets,2,4,6,0.5833333333333334,0.316227766016838,1.0,1.0
Nuggets,2,4,6,0.5833333333333334,0.316227766016838,1.0,1.0
Nuggets,2,4,6,0.6666666666666666,0.3999999999999999,0.0,1.0
Nuggets,2,4,6,0.6666666666666666,0.3999999999999999,0.0,1.0
Nuggets,2,4,6,0.6666666666666666,0.4472135954999579,0.5,1.0
Nuggets,2,4,6,0.6666666666666666,0.4472135954999579,0.5,1.0
Nuggets,2,4,6,0.75,0.632455532033676,0.0,1.0
Nuggets,2,4,6,0.75,0.632455532033676,0.0,1.0
Nuggets,2,4,6,0.75,0.632455532033676,1.0,1.0
Nuggets,2,4,6,0.75,0.632455532033676,1.0,1.0
Nuggets,2,4,6,0.75,0.7378647873726218,0.0,1.0
Nuggets,2,4,6,0.75,0.7378647873726218,0.0,1.0
Nuggets,2,4,6,0.75,0.7378647873726218,0.0,1.0
Nuggets,2,4,6,0.75,0.7745966692414834,1.0,1.0
Nuggets,2,4,6,0.75,0.7745966692414834,1.0,1.0
Nuggets,2,4,6,0.75,0.7745966692414834,1.0,1.0
Nuggets,2,4,6,0.75,0.7745966692414834,1.0,1.0
Nuggets,2,4,6,0.8333333333333334,0.8944271909999159,0.5,1.0
Nuggets,2,4,6,0.8333333333333334,0.8944271909999159,0.5,1.0
Nuggets,2,4,6,0.9166666666666666,0.948683298050514,0.5,1.0
Nuggets,2,4,6,0.9166666666666666,0.948683298050514,0.5,1.0
Nuggets,2,4,6,0.9166666666666666,0.948683298050514,1.0,1.0
Nuggets,2,4,6,0.9166666666666666,0.948683298050514,1.0,1.0
Nuggets,2,4,6,0.9166666666666666,0.948683298050514,1.0,1.0
Nuggets,2,4,6,1.0,1.0,1.0,1.0
Nuggets,2,4,6,1.0,1.0,1.0,1.0
Pulled_Pork,0,4,6,0.0833333333333333,-0.948683298050514,0.0,0.0
Pulled_Pork,0,4,6,0.0833333333333333,-0.948683298050514,0.0,0.5
Pulled_Pork,0,4,6,0.25,-0.7745966692414834,0.0,0.0
Pulled_Pork,0,4,6,0.25,-0.632455532033676,0.0,0.5
Pulled_Pork,0,4,6,0.3333333333333333,-0.6000000000000001,0.0,1.0
Pulled_Pork,0,4,6,0.3333333333333333,-0.3999999999999999,0.0,1.0
Pulled_Pork,0,4,6,0.4166666666666667,-0.316227766016838,0.0,0.0
Pulled_Pork,0,4,6,0.4166666666666667,-0.316227766016838,0.0,0.0
Pulled_Pork,0,4,6,0.4166666666666667,-0.316227766016838,0.0,1.0
Pulled_Pork,0,4,6,0.4166666666666667,-0.316227766016838,0.0,1.0
Pulled_Pork,0,4,6,0.4166666666666667,-0.316227766016838,0.0,1.0
Pulled_Pork,0,4,6,0.4166666666666667,-0.316227766016838,0.0,1.0
Pulled_Pork,0,4,6,0.4166666666666667,-0.316227766016838,0.0,1.0
Pulled_Pork,0,4,6,0.4166666666666667,-0.316227766016838,0.0,1.0
Pulled_Pork,0,4,6,0.4166666666666667,-0.316227766016838,0.0,1.0
Pulled_Pork,0,4,6,0.4166666666666667,-0.316227766016838,0.0,1.0
Pulled_Pork,0,4,6,0.4166666666666667,-0.316227766016838,0.0,1.0
Pulled_Pork,0,4,6,0.4166666666666667,-0.316227766016838,0.0,1.0
Pulled_Pork,0,4,6,0.4166666666666667,-0.2581988897471611,0.0,0.6666666666666666
Pulled_Pork,0,4,6,0.4166666666666667,-0.1054092553389459,0.0,0.5
Pulled_Pork,0,4,6,0.5,-0.1999999999999999,0.0,0.0
Pulled_Pork,0,4,6,0.5,0.0,0.0,0.5
Pulled_Pork,0,4,6,0.5,0.0,0.0,1.0
Pulled_Pork,0,4,6,0.5,0.0,0.5,1.0
Pulled_Pork,0,4,6,0.5,0.0,0.5,1.0
Pulled_Pork,0,4,6,0.5,0.0,0.5,1.0
Pulled_Pork,0,4,6,0.5,0.0,0.5,1.0
Pulled_Pork,0,4,6,0.5,0.1999999999999999,1.0,1.0
Pulled_Pork,0,4,6,0.5,,0.25,0.75
Pulled_Pork,0,4,6,0.5,,0.25,0.75
Pulled_Pork,0,4,6,0.5,,0.25,0.75
Pulled_Pork,0,4,6,0.5,,0.25,0.75
Pulled_Pork,0,4,6,0.5,,0.25,0.75
Pulled_Pork,0,4,6,0.5,,0.25,0.75
Pulled_Pork,0,4,6,0.5,,0.25,0.75
Pulled_Pork,0,4,6,0.5,,0.25,0.75
Pulled_Pork,0,4,6,0.5833333333333334,0.1054092553389459,0.0,0.5
Pulled_Pork,0,4,6,0.5833333333333334,0.1054092553389459,0.0,0.5
Pulled_Pork,0,4,6,0.5833333333333334,0.1054092553389459,0.5,1.0
Pulled_Pork,0,4,6,0.5833333333333334,0.1054092553389459,0.5,1.0
Pulled_Pork,0,4,6,0.5833333333333334,0.1054092553389459,0.5,1.0
Pulled_Pork,0,4,6,0.5833333333333334,0.2108185106778919,0.0,1.0
Pulled_Pork,0,4,6,0.5833333333333334,0.2108185106778919,0.5,1.0
Pulled_Pork,0,4,6,0.5833333333333334,0.2108185106778919,0.5,1.0
Pulled_Pork,0,4,6,0.5833333333333334,0.2581988897471611,0.0,0.6666666666666666
Pulled_Pork,0,4,6,0.5833333333333334,0.2581988897471611,0.3333333333333333,1.0
Pulled_Pork,0,4,6,0.5833333333333334,0.2581988897471611,0.3333333333333333,1.0
Pulled_Pork,0,4,6,0.5833333333333334,0.2581988897471611,0.3333333333333333,1.0
Pulled_Pork,0,4,6,0.5833333333333334,0.2581988897471611,0.3333333333333333,1.0
Pulled_Pork,0,4,6,0.5833333333333334,0.316227766016838,0.0,1.0
Pulled_Pork,0,4,6,0.5833333333333334,0.316227766016838,0.0,1.0
Pulled_Pork,0,4,6,0.5833333333333334,0.316227766016838,0.0,1.0
Pulled_Pork,0,4,6,0.5833333333333334,0.316227766016838,0.0,1.0
Pulled_Pork,0,4,6,0.5833333333333334,0.316227766016838,0.0,1.0
Pulled_Pork,0,4,6,0.5833333333333334,0.316227766016838,0.0,1.0
Pulled_Pork,0,4,6,0.5833333333333334,0.316227766016838,1.0,1.0
Pulled_Pork,0,4,6,0.5833333333333334,0.316227766016838,1.0,1.0
Pulled_Pork,0,4,6,0.5833333333333334,0.316227766016838,1.0,1.0
Pulled_Pork,0,4,6,0.5833333333333334,0.316227766016838,1.0,1.0
Pulled_Pork,0,4,6,0.6666666666666666,0.3999999999999999,0.0,1.0
Pulled_Pork,0,4,6,0.6666666666666666,0.3999999999999999,1.0,1.0
Pulled_Pork,0,4,6,0.6666666666666666,0.3999999999999999,1.0,1.0
Pulled_Pork,0,4,6,0.6666666666666666,0.3999999999999999,1.0,1.0
Pulled_Pork,0,4,6,0.6666666666666666,0.3999999999999999,1.0,1.0
Pulled_Pork,0,4,6,0.6666666666666666,0.3999999999999999,1.0,1.0
Pulled_Pork,0,4,6,0.6666666666666666,0.6000000000000001,0.0,1.0
Pulled_Pork,0,4,6,0.75,0.632455532033676,0.0,1.0
Pulled_Pork,0,4,6,0.75,0.632455532033676,0.5,1.0
Pulled_Pork,0,4,6,0.75,0.632455532033676,0.5,1.0
Pulled_Pork,0,4,6,0.75,0.632455532033676,0.5,1.0
Pulled_Pork,0,4,6,0.75,0.632455532033676,0.5,1.0
Pulled_Pork,0,4,6,0.75,0.632455532033676,1.0,1.0
Pulled_Pork,0,4,6,0.75,0.632455532033676,1.0,1.0
Pulled_Pork,0,4,6,0.75,0.632455532033676,1.0,1.0
Pulled_Pork,0,4,6,0.75,0.632455532033676,1.0,1.0
Pulled_Pork,0,4,6,0.75,0.632455532033676,1.0,1.0
Pulled_Pork,0,4,6,0.75,0.632455532033676,1.0,1.0
Pulled_Pork,0,4,6,0.75,0.632455532033676,1.0,1.0
Pulled_Pork,0,4,6,0.75,0.7378647873726218,0.0,1.0
Pulled_Pork,0,4,6,0.75,0.7378647873726218,0.0,1.0
Pulled_Pork,0,4,6,0.75,0.7378647873726218,0.0,1.0
Pulled_Pork,0,4,6,0.75,0.7378647873726218,0.5,1.0
Pulled_Pork,0,4,6,0.75,0.7378647873726218,0.5,1.0
Pulled_Pork,0,4,6,0.75,0.7378647873726218,0.5,1.0
Pulled_Pork,0,4,6,0.75,0.7745966692414834,0.3333333333333333,1.0
Pulled_Pork,0,4,6,0.75,0.7745966692414834,1.0,1.0
Pulled_Pork,0,4,6,0.75,0.7745966692414834,1.0,1.0
Pulled_Pork,0,4,6,0.8333333333333334,0.7999999999999999,1.0,1.0
Pulled_Pork,0,4,6,0.8333333333333334,0.7999999999999999,1.0,1.0
Pulled_Pork,0,4,6,0.8333333333333334,0.7999999999999999,1.0,1.0
Pulled_Pork,0,4,6,0.8333333333333334,0.7999999999999999,1.0,1.0
Pulled_Pork,0,4,6,0.8333333333333334,0.7999999999999999,1.0,1.0
Pulled_Pork,0,4,6,0.8333333333333334,0.8944271909999159,0.5,1.0
Pulled_Pork,0,4,6,0.8333333333333334,0.8944271909999159,0.5,1.0
Pulled_Pork,0,4,6,0.8333333333333334,0.8944271909999159,0.5,1.0
Pulled_Pork,0,4,6,0.8333333333333334,0.8944271909999159,0.5,1.0
Pulled_Pork,0,4,6,0.8333333333333334,0.8944271909999159,0.5,1.0
Pulled_Pork,0,4,6,0.9166666666666666,0.948683298050514,1.0,1.0
Pulled_Pork,0,4,6,0.9166666666666666,0.948683298050514,1.0,1.0
Pulled_Pork,0,4,6,0.9166666666666666,0.948683298050514,1.0,1.0
Pulled_Pork,0,4,6,1.0,1.0,1.0,1.0
Pulled_Pork,0,4,6,1.0,1.0,1.0,1.0
Pulled_Pork,0,4,6,1.0,1.0,1.0,1.0
Pulled_Pork,1,3,3,0.0,-1.0,0.0,1.0
Pulled_Pork,1,3,3,0.0,-1.0,0.0,1.0
Pulled_Pork,1,3,3,0.1666666666666666,-0.8660254037844387,0.0,1.0
Pulled_Pork,1,3,3,0.1666666666666666,-0.8660254037844387,0.0,1.0
Pulled_Pork,1,3,3,0.1666666666666666,-0.8660254037844387,0.0,1.0
Pulled_Pork,1,3,3,0.1666666666666666,-0.8660254037844387,0.0,1.0
Pulled_Pork,1,3,3,0.1666666666666666,-0.8660254037844387,0.0,1.0
Pulled_Pork,1,3,3,0.1666666666666666,-0.8660254037844387,0.0,1.0
Pulled_Pork,1,3,3,0.3333333333333333,-0.5,0.0,1.0
Pulled_Pork,1,3,3,0.3333333333333333,-0.5,0.0,1.0
Pulled_Pork,1,3,3,0.3333333333333333,-0.5,0.0,1.0
Pulled_Pork,1,3,3,0.3333333333333333,-0.5,0.0,1.0
Pulled_Pork,1,3,3,0.3333333333333333,-0.5,0.0,1.0
Pulled_Pork,1,3,3,0.3333333333333333,-0.5,0.0,1.0
Pulled_Pork,1,3,3,0.3333333333333333,-0.5,0.0,1.0
Pulled_Pork,1,3,3,0.3333333333333333,-0.5,0.0,1.0
Pulled_Pork,1,3,3,0.3333333333333333,-0.5,0.0,1.0
Pulled_Pork,1,3,3,0.5,0.0,0.0,1.0
Pulled_Pork,1,3,3,0.5,0.0,0.0,1.0
Pulled_Pork,1,3,3,0.5,0.0,0.0,1.0
Pulled_Pork,1,3,3,0.5,0.0,0.0,1.0
Pulled_Pork,1,3,3,0.5,0.0,0.0,1.0
Pulled_Pork,1,3,3,0.5,0.0,0.0,1.0
Pulled_Pork,1,3,3,0.5,0.0,0.0,1.0
Pulled_Pork,1,3,3,0.5,0.0,0.5,1.0
Pulled_Pork,1,3,3,0.5,0.0,0.5,1.0
Pulled_Pork,1,3,3,0.5,0.0,0.5,1.0
Pulled_Pork,1,3,3,0.5,0.0,0.5,1.0
Pulled_Pork,1,3,3,0.5,0.0,0.5,1.0
Pulled_Pork,1,3,3,0.5,0.0,0.5,1.0
Pulled_Pork,1,3,3,0.5,0.0,0.5,1.0
Pulled_Pork,1,3,3,0.5,0.0,0.5,1.0
Pulled_Pork,1,3,3,0.5,,0.3333333333333333,1.0
Pulled_Pork,1,3,3,0.5,,0.3333333333333333,1.0
Pulled_Pork,1,3,3,0.5,,0.3333333333333333,1.0
Pulled_Pork,1,3,3,0.5,,0.3333333333333333,1.0
Pulled_Pork,1,3,3,0.6666666666666666,0.5,0.0,1.0
Pulled_Pork,1,3,3,0.6666666666666666,0.5,0.0,1.0
Pulled_Pork,1,3,3,0.6666666666666666,0.5,0.0,1.0
Pulled_Pork,1,3,3,0.6666666666666666,0.5,0.0,1.0
Pulled_Pork,1,3,3,0.6666666666666666,0.5,0.0,1.0
Pulled_Pork,1,3,3,0.6666666666666666,0.5,0.0,1.0
Pulled_Pork,1,3,3,0.6666666666666666,0.5,0.0,1.0
Pulled_Pork,1,3,3,0.6666666666666666,0.5,0.0,1.0
Pulled_Pork,1,3,3,0.6666666666666666,0.5,0.0,1.0
Pulled_Pork,1,3,3,0.6666666666666666,0.5,0.0,1.0
Pulled_Pork,1,3,3,0.6666666666666666,0.5,0.0,1.0
Pulled_Pork,1,3,3,0.6666666666666666,0.5,1.0,1.0
Pulled_Pork,1,3,3,0.6666666666666666,0.5,1.0,1.0
Pulled_Pork,1,3,3,0.6666666666666666,0.5,1.0,1.0
Pulled_Pork,1,3,3,0.6666666666666666,0.5,1.0,1.0
Pulled_Pork,1,3,3,0.6666666666666666,0.5,1.0,1.0
Pulled_Pork,1,3,3,0.6666666666666666,0.5,1.0,1.0
Pulled_Pork,1,3,3,0.6666666666666666,0.5,1.0,1.0
Pulled_Pork,1,3,3,0.6666666666666666,0.5,1.0,1.0
Pulled_Pork,1,3,3,0.6666666666666666,0.5,1.0,1.0
Pulled_Pork,1,3,3,0.6666666666666666,0.5,1.0,1.0
Pulled_Pork,1,3,3,0.8333333333333334,0.8660254037844387,0.5,1.0
Pulled_Pork,1,3,3,0.8333333333333334,0.8660254037844387,0.5,1.0
Pulled_Pork,1,3,3,0.8333333333333334,0.8660254037844387,0.5,1.0
Pulled_Pork,1,3,3,0.8333333333333334,0.8660254037844387,0.5,1.0
Pulled_Pork,1,3,3,0.8333333333333334,0.8660254037844387,0.5,1.0
Pulled_Pork,1,3,3,0.8333333333333334,0.8660254037844387,0.5,1.0
Pulled_Pork,1,3,3,0.8333333333333334,0.8660254037844387,1.0,1.0
Pulled_Pork,1,3,3,0.8333333333333334,0.8660254037844387,1.0,1.0
Pulled_Pork,1,3,3,0.8333333333333334,0.8660254037844387,1.0,1.0
Pulled_Pork,1,3,3,0.8333333333333334,0.8660254037844387,1.0,1.0
Pulled_Pork,1,3,3,0.8333333333333334,0.8660254037844387,1.0,1.0
Pulled_Pork,1,3,3,0.8333333333333334,0.8660254037844387,1.0,1.0
Pulled_Pork,1,3,3,0.8333333333333334,0.8660254037844387,1.0,1.0
Pulled_Pork,1,3,3,0.8333333333333334,0.8660254037844387,1.0,1.0
Pulled_Pork,1,3,3,0.8333333333333334,0.8660254037844387,1.0,1.0
Pulled_Pork,1,3,3,0.8333333333333334,0.8660254037844387,1.0,1.0
Pulled_Pork,1,3,3,0.8333333333333334,0.8660254037844387,1.0,1.0
Pulled_Pork,1,3,3,0.8333333333333334,0.8660254037844387,1.0,1.0
Pulled_Pork,1,3,3,0.8333333333333334,0.8660254037844387,1.0,1.0
Pulled_Pork,1,3,3,0.8333333333333334,0.8660254037844387,1.0,1.0
Pulled_Pork,1,3,3,0.8333333333333334,0.8660254037844387,1.0,1.0
Pulled_Pork,1,3,3,0.8333333333333334,0.8660254037844387,1.0,1.0
Pulled_Pork,1,3,3,0.8333333333333334,0.8660254037844387,1.0,1.0
Pulled_Pork,1,3,3,0.8333333333333334,0.8660254037844387,1.0,1.0
Pulled_Pork,1,3,3,0.8333333333333334,0.8660254037844387,1.0,1.0
Pulled_Pork,1,3,3,0.8333333333333334,0.8660254037844387,1.0,1.0
Pulled_Pork,1,3,3,1.0,1.0,1.0,1.0
Pulled_Pork,1,3,3,1.0,1.0,1.0,1.0
Pulled_Pork,1,3,3,1.0,1.0,1.0,1.0
Pulled_Pork,1,3,3,1.0,1.0,1.0,1.0
Pulled_Pork,1,3,3,1.0,1.0,1.0,1.0
Pulled_Pork,1,3,3,1.0,1.0,1.0,1.0
Pulled_Pork,1,3,3,1.0,1.0,1.0,1.0
Pulled_Pork,1,3,3,1.0,1.0,1.0,1.0
Pulled_Pork,1,3,3,1.0,1.0,1.0,1.0
Pulled_Pork,1,3,3,1.0,1.0,1.0,1.0
Pulled_Pork,1,3,3,1.0,1.0,1.0,1.0
Pulled_Pork,1,3,3,1.0,1.0,1.0,1.0
Pulled_Pork,1,3,3,1.0,1.0,1.0,1.0
Pulled_Pork,1,3,3,1.0,1.0,1.0,1.0
Pulled_Pork,1,3,3,1.0,1.0,1.0,1.0
Pulled_Pork,1,3,3,1.0,1.0,1.0,1.0
Pulled_Pork,1,3,3,1.0,1.0,1.0,1.0
Pulled_Pork,1,3,3,1.0,1.0,1.0,1.0
Sour_Cream,0,5,10,0.05,-0.9746794344808964,0.0,0.0
Sour_Cream,0,5,10,0.2,-0.8660254037844386,0.0,0.3333333333333333
Sour_Cream,0,5,10,0.2,-0.7905694150420948,0.0,0.0
Sour_Cream,0,5,10,0.25,-0.7826237921249264,0.0,0.3333333333333333
Sour_Cream,0,5,10,0.25,-0.6708203932499368,0.0,0.6666666666666666
Sour_Cream,0,5,10,0.3,-0.7071067811865475,0.0,0.5
Sour_Cream,0,5,10,0.35,-0.3590924232298039,0.0,0.0
Sour_Cream,0,5,10,0.35,-0.3590924232298039,0.0,0.5
Sour_Cream,0,5,10,0.35,-0.3590924232298039,0.0,0.5
Sour_Cream,0,5,10,0.35,-0.3354101966249684,0.3333333333333333,1.0
Sour_Cream,0,5,10,0.4,-0.3535533905932737,0.0,0.5
Sour_Cream,0,5,10,0.4,-0.3535533905932737,0.0,0.5
Sour_Cream,0,5,10,0.4,-0.3535533905932737,0.25,0.75
Sour_Cream,0,5,10,0.4,-0.3162277660168379,0.0,0.0
Sour_Cream,0,5,10,0.4,-0.3162277660168379,0.0,0.0
Sour_Cream,0,5,10,0.4,-0.2886751345948128,0.0,0.0
Sour_Cream,0,5,10,0.45,-0.2236067977499789,0.0,0.0
Sour_Cream,0,5,10,0.45,-0.2236067977499789,0.0,0.6666666666666666
Sour_Cream,0,5,10,0.45,-0.1025978352085154,0.0,0.0
Sour_Cream,0,5,10,0.45,0.0512989176042577,1.0,1.0
Sour_Cream,0,5,10,0.45,0.0512989176042577,1.0,1.0
Sour_Cream,0,5,10,0.45,0.0512989176042577,1.0,1.0
Sour_Cream,0,5,10,0.5,0.0,0.0,0.0
Sour_Cream,0,5,10,0.5,0.0,0.0,0.3333333333333333
Sour_Cream,0,5,10,0.5,0.0,0.0,1.0
Sour_Cream,0,5,10,0.5,0.0,0.25,0.75
Sour_Cream,0,5,10,0.5,0.0527046276694729,0.5,1.0
Sour_Cream,0,5,10,0.5,0.0789473684210526,0.0,1.0
Sour_Cream,0,5,10,0.5,0.0999999999999999,0.0,0.0
Sour_Cream,0,5,10,0.5,,0.2,0.6
Sour_Cream,0,5,10,0.55,-0.0512989176042577,0.0,0.0
Sour_Cream,0,5,10,0.55,0.0512989176042577,0.0,1.0
Sour_Cream,0,5,10,0.55,0.1118033988749894,0.3333333333333333,1.0
Sour_Cream,0,5,10,0.55,0.1538967528127731,0.0,0.5
Sour_Cream,0,5,10,0.55,0.2051956704170308,0.0,1.0
Sour_Cream,0,5,10,0.55,0.2051956704170308,0.5,1.0
Sour_Cream,0,5,10,0.55,0.2236067977499789,0.0,0.3333333333333333
Sour_Cream,0,5,10,0.55,0.2236067977499789,1.0,1.0
Sour_Cream,0,5,10,0.55,0.2236067977499789,1.0,1.0
Sour_Cream,0,5,10,0.6,0.1581138830084189,0.5,1.0
Sour_Cream,0,5,10,0.6,0.1999999999999999,0.0,1.0
Sour_Cream,0,5,10,0.6,0.2108185106778919,0.5,1.0
Sour_Cream,0,5,10,0.6,0.2867696673382022,0.3333333333333333,1.0
Sour_Cream,0,5,10,0.6,0.2894736842105264,1.0,1.0
Sour_Cream,0,5,10,0.6,0.3162277660168379,0.5,1.0
Sour_Cream,0,5,10,0.6,0.3162277660168379,0.5,1.0
Sour_Cream,0,5,10,0.6,0.3162277660168379,1.0,1.0
Sour_Cream,0,5,10,0.6,0.3535533905932737,0.0,0.5
Sour_Cream,0,5,10,0.6,0.3535533905932737,0.25,0.75
Sour_Cream,0,5,10,0.6,0.3689323936863109,0.0,0.5
Sour_Cream,0,5,10,0.65,0.3077935056255462,0.5,1.0
Sour_Cream,0,5,10,0.65,0.3590924232298039,0.0,0.0
Sour_Cream,0,5,10,0.65,0.3590924232298039,0.0,1.0
Sour_Cream,0,5,10,0.65,0.3590924232298039,0.0,1.0
Sour_Cream,0,5,10,0.65,0.3590924232298039,0.0,1.0
Sour_Cream,0,5,10,0.65,0.3590924232298039,0.0,1.0
Sour_Cream,0,5,10,0.65,0.3590924232298039,0.0,1.0
Sour_Cream,0,5,10,0.65,0.3590924232298039,1.0,1.0
Sour_Cream,0,5,10,0.65,0.3590924232298039,1.0,1.0
Sour_Cream,0,5,10,0.65,0.4472135954999578,0.0,0.6666666666666666
Sour_Cream,0,5,10,0.65,0.4472135954999578,0.0,1.0
Sour_Cream,0,5,10,0.65,0.4472135954999578,1.0,1.0
Sour_Cream,0,5,10,0.65,0.4472135954999578,1.0,1.0
Sour_Cream,0,5,10,0.65,0.4472135954999578,1.0,1.0
Sour_Cream,0,5,10,0.65,0.4616902584383193,1.0,1.0
Sour_Cream,0,5,10,0.7,0.4743416490252569,0.5,1.0
Sour_Cream,0,5,10,0.7,0.4743416490252569,0.5,1.0
Sour_Cream,0,5,10,0.7,0.4999999999999999,0.0,1.0
Sour_Cream,0,5,10,0.7,0.5270462766947299,0.5,1.0
Sour_Cream,0,5,10,0.7,0.5270462766947299,1.0,1.0
Sour_Cream,0,5,10,0.7,0.5526315789473686,0.5,1.0
Sour_Cream,0,5,10,0.7,0.5773502691896257,0.3333333333333333,1.0
Sour_Cream,0,5,10,0.7,0.5773502691896257,0.5,1.0
Sour_Cream,0,5,10,0.7,0.5773502691896257,0.5,1.0
Sour_Cream,0,5,10,0.7,0.5773502691896257,0.5,1.0
Sour_Cream,0,5,10,0.7,0.5797509043642028,0.5,1.0
Sour_Cream,0,5,10,0.7,0.6324555320336759,0.0,1.0
Sour_Cream,0,5,10,0.75,0.5642880936468347,1.0,1.0
Sour_Cream,0,5,10,0.75,0.6155870112510925,0.0,1.0
Sour_Cream,0,5,10,0.75,0.6155870112510925,0.5,1.0
Sour_Cream,0,5,10,0.75,0.6155870112510925,1.0,1.0
Sour_Cream,0,5,10,0.75,0.6488856845230502,0.5,1.0
Sour_Cream,0,5,10,0.75,0.6668859288553501,0.0,1.0
Sour_Cream,0,5,10,0.75,0.6708203932499368,0.0,0.6666666666666666
Sour_Cream,0,5,10,0.75,0.6708203932499368,1.0,1.0
Sour_Cream,0,5,10,0.8,0.7378647873726218,1.0,1.0
Sour_Cream,0,5,10,0.8,0.7378647873726218,1.0,1.0
Sour_Cream,0,5,10,0.8,0.7631578947368421,0.0,1.0
Sour_Cream,0,5,10,0.8,0.7905694150420948,0.5,1.0
Sour_Cream,0,5,10,0.8,0.7905694150420948,0.5,1.0
Sour_Cream,0,5,10,0.85,0.8207826816681233,0.5,1.0
Sour_Cream,0,5,10,0.85,0.8207826816681233,1.0,1.0
Sour_Cream,0,5,10,0.85,0.8207826816681234,1.0,1.0
Sour_Cream,0,5,10,0.85,0.8651809126974002,0.5,1.0
Sour_Cream,0,5,10,0.85,0.8720815992723809,1.0,1.0
Sour_Cream,0,5,10,0.85,0.892217816219194,0.5,1.0
Sour_Cream,0,5,10,0.85,0.8944271909999157,0.3333333333333333,1.0
Sour_Cream,0,5,10,0.85,0.8944271909999157,0.3333333333333333,1.0
Sour_Cream,0,5,10,0.85,0.8944271909999157,1.0,1.0
Sour_Cream,0,5,10,0.9,0.9486832980505138,1.0,1.0
Sour_Cream,0,5,10,0.95,0.9746794344808964,1.0,1.0
Sour_Cream,0,5,10,0.95,0.9746794344808964,1.0,1.0
Sour_Cream,0,5,10,0.95,0.9746794344808964,1.0,1.0
Sour_Cream,0,5,10,0.95,0.9746794344808964,1.0,1.0
Steak,0,5,10,0.15,-0.8720815992723809,0.0,0.0
Steak,0,5,10,0.3,-0.5735393346764044,0.0,0.0
Steak,0,5,10,0.3,-0.5270462766947299,0.0,0.0
Steak,0,5,10,0.4,-0.3535533905932737,0.0,0.5
Steak,0,5,10,0.4,-0.2886751345948128,0.0,0.3333333333333333
Steak,0,5,10,0.4,-0.2886751345948128,0.3333333333333333,1.0
Steak,0,5,10,0.4,-0.1581138830084189,0.0,0.0
Steak,0,5,10,0.45,-0.2236067977499789,0.0,0.0
Steak,0,5,10,0.45,-0.1538967528127731,0.0,0.0
Steak,0,5,10,0.45,-0.1118033988749894,0.0,0.3333333333333333
Steak,0,5,10,0.45,-0.1025978352085154,0.0,0.0
Steak,0,5,10,0.45,-0.0512989176042577,0.0,1.0
Steak,0,5,10,0.5,0.0,0.0,0.5
Steak,0,5,10,0.5,0.0,0.5,1.0
Steak,0,5,10,0.5,0.0527046276694729,0.0,1.0
Steak,0,5,10,0.5,,0.2,0.6
Steak,0,5,10,0.5,,0.2,0.6
Steak,0,5,10,0.5,,0.2,0.6
Steak,0,5,10,0.5,,0.2,0.6
Steak,0,5,10,0.5,,0.2,0.6
Steak,0,5,10,0.5,,0.2,0.6
Steak,0,5,10,0.5,,0.2,0.6
Steak,0,5,10,0.5,,0.2,0.6
Steak,0,5,10,0.5,,0.2,0.6
Steak,0,5,10,0.55,0.1025978352085154,0.0,0.0
Steak,0,5,10,0.55,0.1118033988749894,0.0,1.0
Steak,0,5,10,0.55,0.1538967528127731,0.0,0.5
Steak,0,5,10,0.55,0.2236067977499789,0.0,0.3333333333333333
Steak,0,5,10,0.55,0.2236067977499789,0.0,0.6666666666666666
Steak,0,5,10,0.6,0.2635231383473649,0.0,1.0
Steak,0,5,10,0.6,0.2886751345948128,0.0,0.3333333333333333
Steak,0,5,10,0.6,0.2886751345948128,0.0,0.3333333333333333
Steak,0,5,10,0.6,0.2886751345948128,0.5,1.0
Steak,0,5,10,0.6,0.3535533905932737,0.0,0.5
Steak,0,5,10,0.6,0.3535533905932737,0.0,0.5
Steak,0,5,10,0.6,0.3535533905932737,0.0,0.5
Steak,0,5,10,0.6,0.3535533905932737,0.0,0.5
Steak,0,5,10,0.6,0.3535533905932737,0.25,0.75
Steak,0,5,10,0.65,0.2051956704170308,0.0,0.0
Steak,0,5,10,0.65,0.2051956704170308,0.0,0.0
Steak,0,5,10,0.65,0.4103913408340616,0.0,0.5
Steak,0,5,10,0.65,0.4103913408340616,0.0,0.5
Steak,0,5,10,0.65,0.4103913408340616,0.0,0.5
Steak,0,5,10,0.65,0.4472135954999578,0.0,1.0
Steak,0,5,10,0.65,0.4616902584383193,0.5,1.0
Steak,0,5,10,0.65,0.5441071875825088,0.0,0.5
Steak,0,5,10,0.7,0.4743416490252569,0.5,1.0
Steak,0,5,10,0.7,0.4743416490252569,0.5,1.0
Steak,0,5,10,0.7,0.5270462766947299,0.0,0.5
Steak,0,5,10,0.7,0.5270462766947299,1.0,1.0
Steak,0,5,10,0.7,0.6324555320336759,0.0,1.0
Steak,0,5,10,0.7,0.7071067811865475,0.25,0.75
Steak,0,5,10,0.7,0.7071067811865475,0.25,0.75
Steak,0,5,10,0.7,0.7071067811865475,1.0,1.0
Steak,0,5,10,0.7,0.7071067811865475,1.0,1.0
Steak,0,5,10,0.7,0.7071067811865475,1.0,1.0
Steak,0,5,10,0.7,0.7071067811865475,1.0,1.0
Steak,0,5,10,0.75,0.5642880936468347,0.0,0.0
Steak,0,5,10,0.75,0.6668859288553501,0.0,1.0
Steak,0,5,10,0.75,0.6708203932499368,0.0,0.6666666666666666
Steak,0,5,10,0.75,0.6708203932499368,0.0,0.6666666666666666
Steak,0,5,10,0.75,0.7181848464596079,0.0,1.0
Steak,0,5,10,0.75,0.7826237921249264,0.0,1.0
Steak,0,5,10,0.75,0.7826237921249264,0.0,1.0
Steak,0,5,10,0.8,0.7,1.0,1.0
Steak,0,5,10,0.8,0.7905694150420948,0.0,1.0
Steak,0,5,10,0.8,0.7905694150420948,0.0,1.0
Steak,0,5,10,0.8,0.7905694150420948,0.0,1.0
Steak,0,5,10,0.8,0.7905694150420948,0.5,1.0
Steak,0,5,10,0.8,0.7999999999999999,0.0,1.0
Steak,0,5,10,0.8,0.7999999999999999,0.0,1.0
Steak,0,5,10,0.8,0.8660254037844386,0.3333333333333333,1.0
Steak,0,5,10,0.8,0.8660254037844386,0.3333333333333333,1.0
Steak,0,5,10,0.8,0.8660254037844386,0.5,1.0
Steak,0,5,10,0.8,0.8660254037844386,0.5,1.0
Steak,0,5,10,0.8,0.8660254037844386,0.5,1.0
Steak,0,5,10,0.8,0.8660254037844386,0.5,1.0
Steak,0,5,10,0.8,0.8660254037844386,0.5,1.0
Steak,0,5,10,0.85,0.8207826816681233,1.0,1.0
Steak,0,5,10,0.85,0.8720815992723809,0.0,1.0
Steak,0,5,10,0.85,0.8720815992723809,0.0,1.0
Steak,0,5,10,0.85,0.8720815992723809,0.0,1.0
Steak,0,5,10,0.85,0.8720815992723809,1.0,1.0
Steak,0,5,10,0.85,0.8944271909999157,0.3333333333333333,1.0
Steak,0,5,10,0.85,0.8944271909999157,1.0,1.0
Steak,0,5,10,0.85,0.8944271909999157,1.0,1.0
Steak,0,5,10,0.85,0.8944271909999157,1.0,1.0
Steak,0,5,10,0.85,0.8944271909999157,1.0,1.0
Steak,0,5,10,0.85,0.8944271909999157,1.0,1.0
Steak,0,5,10,0.9,0.9486832980505138,0.5,1.0
Steak,0,5,10,0.9,0.9486832980505138,0.5,1.0
Steak,0,5,10,0.9,0.9486832980505138,0.5,1.0
Steak,0,5,10,0.9,0.9486832980505138,1.0,1.0
Steak,0,5,10,0.95,0.9746794344808964,1.0,1.0
Steak,0,5,10,0.95,0.9746794344808964,1.0,1.0
Steak,1,4,6,0.0833333333333333,-0.948683298050514,0.0,0.0
Steak,1,4,6,0.0833333333333333,-0.948683298050514,0.0,0.5
Steak,1,4,6,0.25,-0.7745966692414834,0.0,0.0
Steak,1,4,6,0.25,-0.7745966692414834,0.0,0.0
Steak,1,4,6,0.25,-0.632455532033676,0.0,0.0
Steak,1,4,6,0.25,-0.632455532033676,0.0,0.0
Steak,1,4,6,0.25,-0.632455532033676,0.0,0.0
Steak,1,4,6,0.25,-0.632455532033676,0.0,0.0
Steak,1,4,6,0.3333333333333333,-0.4472135954999579,0.0,0.5
Steak,1,4,6,0.3333333333333333,-0.3999999999999999,0.0,0.0
Steak,1,4,6,0.4166666666666667,-0.316227766016838,0.0,0.0
Steak,1,4,6,0.4166666666666667,-0.2581988897471611,0.0,0.6666666666666666
Steak,1,4,6,0.4166666666666667,-0.2581988897471611,0.0,0.6666666666666666
Steak,1,4,6,0.4166666666666667,-0.2108185106778919,0.0,0.5
Steak,1,4,6,0.4166666666666667,-0.2108185106778919,0.0,0.5
Steak,1,4,6,0.4166666666666667,-0.1054092553389459,0.0,0.5
Steak,1,4,6,0.4166666666666667,-0.1054092553389459,0.0,0.5
Steak,1,4,6,0.5,-0.1999999999999999,0.0,0.0
Steak,1,4,6,0.5,-0.1999999999999999,0.0,0.0
Steak,1,4,6,0.5,0.0,0.0,0.5
Steak,1,4,6,0.5,0.0,0.0,0.5
Steak,1,4,6,0.5,0.0,0.0,0.5
Steak,1,4,6,0.5,,0.25,0.75
Steak,1,4,6,0.5,,0.25,0.75
Steak,1,4,6,0.5,,0.25,0.75
Steak,1,4,6,0.5,,0.25,0.75
Steak,1,4,6,0.5,,0.25,0.75
Steak,1,4,6,0.5,,0.25,0.75
Steak,1,4,6,0.5,,0.25,0.75
Steak,1,4,6,0.5,,0.25,0.75
Steak,1,4,6,0.5,,0.25,0.75
Steak,1,4,6,0.5,,0.25,0.75
Steak,1,4,6,0.5,,0.25,0.75
Steak,1,4,6,0.5,,0.25,0.75
Steak,1,4,6,0.5,,0.25,0.75
Steak,1,4,6,0.5,,0.25,0.75
Steak,1,4,6,0.5,,0.25,0.75
Steak,1,4,6,0.5833333333333334,0.1054092553389459,0.0,0.5
Steak,1,4,6,0.5833333333333334,0.1054092553389459,0.0,0.5
Steak,1,4,6,0.5833333333333334,0.1054092553389459,0.0,0.5
Steak,1,4,6,0.5833333333333334,0.1054092553389459,0.0,0.5
Steak,1,4,6,0.5833333333333334,0.2581988897471611,0.0,0.6666666666666666
Steak,1,4,6,0.5833333333333334,0.2581988897471611,0.0,0.6666666666666666
Steak,1,4,6,0.5833333333333334,0.2581988897471611,0.0,0.6666666666666666
Steak,1,4,6,0.5833333333333334,0.2581988897471611,0.0,0.6666666666666666
Steak,1,4,6,0.5833333333333334,0.2581988897471611,0.0,0.6666666666666666
Steak,1,4,6,0.5833333333333334,0.2581988897471611,0.0,0.6666666666666666
Steak,1,4,6,0.5833333333333334,0.2581988897471611,0.0,0.6666666666666666
Steak,1,4,6,0.5833333333333334,0.2581988897471611,0.0,0.6666666666666666
Steak,1,4,6,0.5833333333333334,0.2581988897471611,0.0,0.6666666666666666
Steak,1,4,6,0.5833333333333334,0.2581988897471611,0.0,0.6666666666666666
Steak,1,4,6,0.5833333333333334,0.2581988897471611,0.0,0.6666666666666666
Steak,1,4,6,0.5833333333333334,0.2581988897471611,0.0,0.6666666666666666
Steak,1,4,6,0.5833333333333334,0.2581988897471611,0.0,0.6666666666666666
Steak,1,4,6,0.5833333333333334,0.2581988897471611,0.0,0.6666666666666666
Steak,1,4,6,0.5833333333333334,0.2581988897471611,0.0,0.6666666666666666
Steak,1,4,6,0.5833333333333334,0.2581988897471611,0.0,0.6666666666666666
Steak,1,4,6,0.5833333333333334,0.2581988897471611,0.0,0.6666666666666666
Steak,1,4,6,0.5833333333333334,0.2581988897471611,0.3333333333333333,1.0
Steak,1,4,6,0.5833333333333334,0.316227766016838,0.0,1.0
Steak,1,4,6,0.5833333333333334,0.316227766016838,0.0,1.0
Steak,1,4,6,0.5833333333333334,0.316227766016838,0.0,1.0
Steak,1,4,6,0.5833333333333334,0.316227766016838,0.0,1.0
Steak,1,4,6,0.5833333333333334,0.316227766016838,0.0,1.0
Steak,1,4,6,0.5833333333333334,0.316227766016838,0.0,1.0
Steak,1,4,6,0.5833333333333334,0.316227766016838,0.0,1.0
Steak,1,4,6,0.6666666666666666,0.3999999999999999,0.0,1.0
Steak,1,4,6,0.6666666666666666,0.6000000000000001,0.0,1.0
Steak,1,4,6,0.75,0.632455532033676,0.0,1.0
Steak,1,4,6,0.75,0.632455532033676,0.0,1.0
Steak,1,4,6,0.75,0.632455532033676,0.0,1.0
Steak,1,4,6,0.75,0.632455532033676,0.0,1.0
Steak,1,4,6,0.75,0.632455532033676,0.0,1.0
Steak,1,4,6,0.75,0.632455532033676,0.0,1.0
Steak,1,4,6,0.75,0.7378647873726218,0.0,1.0
Steak,1,4,6,0.75,0.7378647873726218,0.0,1.0
Steak,1,4,6,0.75,0.7378647873726218,0.0,1.0
Steak,1,4,6,0.75,0.7378647873726218,0.0,1.0
Steak,1,4,6,0.75,0.7378647873726218,0.0,1.0
Steak,1,4,6,0.75,0.7378647873726218,0.5,1.0
Steak,1,4,6,0.75,0.7745966692414834,0.3333333333333333,1.0
Steak,1,4,6,0.75,0.7745966692414834,0.3333333333333333,1.0
Steak,1,4,6,0.75,0.7745966692414834,0.3333333333333333,1.0
Steak,1,4,6,0.8333333333333334,0.7999999999999999,0.0,1.0
Steak,1,4,6,0.8333333333333334,0.7999999999999999,0.0,1.0
Steak,1,4,6,0.8333333333333334,0.8944271909999159,0.5,1.0
Steak,1,4,6,0.8333333333333334,0.8944271909999159,0.5,1.0
Steak,1,4,6,0.8333333333333334,0.8944271909999159,0.5,1.0
Steak,1,4,6,0.9166666666666666,0.948683298050514,0.5,1.0
Steak,1,4,6,0.9166666666666666,0.948683298050514,0.5,1.0
Steak,1,4,6,0.9166666666666666,0.948683298050514,0.5,1.0
Unbreaded_Chicken_Breast,0,5,10,0.2,-0.7378647873726218,0.0,0.0
Unbreaded_Chicken_Breast,0,5,10,0.25,-0.7181848464596079,0.0,0.5
Unbreaded_Chicken_Breast,0,5,10,0.25,-0.6668859288553501,0.0,0.0
Unbreaded_Chicken_Breast,0,5,10,0.25,-0.6668859288553501,0.0,1.0
Unbreaded_Chicken_Breast,0,5,10,0.25,-0.6155870112510925,0.0,0.0
Unbreaded_Chicken_Breast,0,5,10,0.3,-0.7071067811865475,0.0,0.5
Unbreaded_Chicken_Breast,0,5,10,0.3,-0.5773502691896257,0.0,0.3333333333333333
Unbreaded_Chicken_Breast,0,5,10,0.35,-0.4616902584383193,0.0,0.5
Unbreaded_Chicken_Breast,0,5,10,0.35,-0.4103913408340616,0.0,0.0
Unbreaded_Chicken_Breast,0,5,10,0.35,-0.4103913408340616,0.0,1.0
Unbreaded_Chicken_Breast,0,5,10,0.35,-0.3590924232298039,0.0,0.0
Unbreaded_Chicken_Breast,0,5,10,0.4,-0.3535533905932737,0.0,0.5
Unbreaded_Chicken_Breast,0,5,10,0.4,-0.3535533905932737,0.25,0.75
Unbreaded_Chicken_Breast,0,5,10,0.4,-0.3162277660168379,0.0,1.0
Unbreaded_Chicken_Breast,0,5,10,0.4,-0.3,0.0,1.0
Unbreaded_Chicken_Breast,0,5,10,0.4,-0.2886751345948128,0.0,0.3333333333333333
Unbreaded_Chicken_Breast,0,5,10,0.4,-0.2108185106778919,0.0,0.5
Unbreaded_Chicken_Breast,0,5,10,0.4,-0.1581138830084189,0.5,1.0
Unbreaded_Chicken_Breast,0,5,10,0.4,-0.1581138830084189,0.5,1.0
Unbreaded_Chicken_Breast,0,5,10,0.45,-0.1118033988749894,0.0,0.3333333333333333
Unbreaded_Chicken_Breast,0,5,10,0.5,-0.1054092553389459,0.0,0.0
Unbreaded_Chicken_Breast,0,5,10,0.5,-0.0527046276694729,0.0,0.0
Unbreaded_Chicken_Breast,0,5,10,0.5,-0.0527046276694729,0.0,0.5
Unbreaded_Chicken_Breast,0,5,10,0.5,0.0,0.0,0.5
Unbreaded_Chicken_Breast,0,5,10,0.5,0.0,0.0,0.5
Unbreaded_Chicken_Breast,0,5,10,0.5,0.0,0.0,1.0
Unbreaded_Chicken_Breast,0,5,10,0.5,0.0,0.0,1.0
Unbreaded_Chicken_Breast,0,5,10,0.5,0.0,0.25,0.75
Unbreaded_Chicken_Breast,0,5,10,0.5,0.0,0.5,1.0
Unbreaded_Chicken_Breast,0,5,10,0.5,0.0999999999999999,0.0,1.0
Unbreaded_Chicken_Breast,0,5,10,0.5,,0.2,0.6
Unbreaded_Chicken_Breast,0,5,10,0.5,,0.2,0.6
Unbreaded_Chicken_Breast,0,5,10,0.55,-0.0512989176042577,0.0,0.0
Unbreaded_Chicken_Breast,0,5,10,0.55,0.0512989176042577,0.0,1.0
Unbreaded_Chicken_Breast,0,5,10,0.55,0.1025978352085154,0.0,0.5
Unbreaded_Chicken_Breast,0,5,10,0.55,0.1538967528127731,0.0,0.0
Unbreaded_Chicken_Breast,0,5,10,0.55,0.1538967528127731,0.0,0.5
Unbreaded_Chicken_Breast,0,5,10,0.55,0.2051956704170308,0.0,0.0
Unbreaded_Chicken_Breast,0,5,10,0.55,0.2236067977499789,0.0,0.0
Unbreaded_Chicken_Breast,0,5,10,0.55,0.2236067977499789,0.0,0.0
Unbreaded_Chicken_Breast,0,5,10,0.55,0.2236067977499789,0.0,0.3333333333333333
Unbreaded_Chicken_Breast,0,5,10,0.55,0.2236067977499789,0.0,0.6666666666666666
Unbreaded_Chicken_Breast,0,5,10,0.55,0.2236067977499789,1.0,1.0
Unbreaded_Chicken_Breast,0,5,10,0.55,0.3077935056255462,0.0,0.5
Unbreaded_Chicken_Breast,0,5,10,0.6,0.1999999999999999,1.0,1.0
Unbreaded_Chicken_Breast,0,5,10,0.6,0.2108185106778919,0.5,1.0
Unbreaded_Chicken_Breast,0,5,10,0.6,0.2635231383473649,0.5,1.0
Unbreaded_Chicken_Breast,0,5,10,0.6,0.2635231383473649,0.5,1.0
Unbreaded_Chicken_Breast,0,5,10,0.6,0.2886751345948128,0.3333333333333333,1.0
Unbreaded_Chicken_Breast,0,5,10,0.6,0.2886751345948128,0.3333333333333333,1.0
Unbreaded_Chicken_Breast,0,5,10,0.6,0.3535533905932737,0.0,0.5
Unbreaded_Chicken_Breast,0,5,10,0.6,0.3535533905932737,0.0,0.5
Unbreaded_Chicken_Breast,0,5,10,0.6,0.3535533905932737,0.0,0.5
Unbreaded_Chicken_Breast,0,5,10,0.6,0.3535533905932737,0.25,0.75
Unbreaded_Chicken_Breast,0,5,10,0.6,0.3689323936863109,0.0,0.5
Unbreaded_Chicken_Breast,0,5,10,0.65,0.3077935056255462,0.0,1.0
Unbreaded_Chicken_Breast,0,5,10,0.65,0.3354101966249684,0.3333333333333333,1.0
Unbreaded_Chicken_Breast,0,5,10,0.65,0.3590924232298039,0.0,0.0
Unbreaded_Chicken_Breast,0,5,10,0.65,0.3590924232298039,0.0,1.0
Unbreaded_Chicken_Breast,0,5,10,0.65,0.3590924232298039,0.0,1.0
Unbreaded_Chicken_Breast,0,5,10,0.65,0.3590924232298039,1.0,1.0
Unbreaded_Chicken_Breast,0,5,10,0.65,0.4103913408340616,0.0,0.5
Unbreaded_Chicken_Breast,0,5,10,0.65,0.4472135954999578,0.0,0.6666666666666666
Unbreaded_Chicken_Breast,0,5,10,0.65,0.4472135954999578,0.0,0.6666666666666666
Unbreaded_Chicken_Breast,0,5,10,0.65,0.4472135954999578,0.0,1.0
Unbreaded_Chicken_Breast,0,5,10,0.65,0.4472135954999578,1.0,1.0
Unbreaded_Chicken_Breast,0,5,10,0.65,0.4616902584383193,0.0,0.5
Unbreaded_Chicken_Breast,0,5,10,0.65,0.4616902584383193,1.0,1.0
Unbreaded_Chicken_Breast,0,5,10,0.7,0.4743416490252569,0.5,1.0
Unbreaded_Chicken_Breast,0,5,10,0.7,0.4999999999999999,0.0,1.0
Unbreaded_Chicken_Breast,0,5,10,0.7,0.4999999999999999,1.0,1.0
Unbreaded_Chicken_Breast,0,5,10,0.7,0.5270462766947299,1.0,1.0
Unbreaded_Chicken_Breast,0,5,10,0.7,0.5270462766947299,1.0,1.0
Unbreaded_Chicken_Breast,0,5,10,0.7,0.5773502691896257,0.3333333333333333,1.0
Unbreaded_Chicken_Breast,0,5,10,0.7,0.5797509043642028,0.5,1.0
Unbreaded_Chicken_Breast,0,5,10,0.7,0.6324555320336759,0.0,1.0
Unbreaded_Chicken_Breast,0,5,10,0.7,0.7071067811865475,1.0,1.0
Unbreaded_Chicken_Breast,0,5,10,0.75,0.5642880936468347,0.5,1.0
Unbreaded_Chicken_Breast,0,5,10,0.75,0.6668859288553501,0.0,1.0
Unbreaded_Chicken_Breast,0,5,10,0.75,0.6668859288553501,0.0,1.0
Unbreaded_Chicken_Breast,0,5,10,0.75,0.6668859288553501,1.0,1.0
Unbreaded_Chicken_Breast,0,5,10,0.75,0.6708203932499368,0.3333333333333333,1.0
Unbreaded_Chicken_Breast,0,5,10,0.75,0.6708203932499368,0.3333333333333333,1.0
Unbreaded_Chicken_Breast,0,5,10,0.75,0.7181848464596079,0.0,1.0
Unbreaded_Chicken_Breast,0,5,10,0.75,0.7181848464596079,0.0,1.0
Unbreaded_Chicken_Breast,0,5,10,0.75,0.7826237921249264,0.0,1.0
Unbreaded_Chicken_Breast,0,5,10,0.75,0.7826237921249264,0.0,1.0
Unbreaded_Chicken_Breast,0,5,10,0.75,0.7826237921249264,0.0,1.0
Unbreaded_Chicken_Breast,0,5,10,0.8,0.7378647873726218,1.0,1.0
Unbreaded_Chicken_Breast,0,5,10,0.8,0.7378647873726218,1.0,1.0
Unbreaded_Chicken_Breast,0,5,10,0.8,0.7905694150420948,0.5,1.0
Unbreaded_Chicken_Breast,0,5,10,0.8,0.7905694150420948,0.5,1.0
Unbreaded_Chicken_Breast,0,5,10,0.8,0.8660254037844386,0.3333333333333333,1.0
Unbreaded_Chicken_Breast,0,5,10,0.8,0.8660254037844386,0.3333333333333333,1.0
Unbreaded_Chicken_Breast,0,5,10,0.8,0.8660254037844386,0.3333333333333333,1.0
Unbreaded_Chicken_Breast,0,5,10,0.85,0.8207826816681233,0.0,1.0
Unbreaded_Chicken_Breast,0,5,10,0.85,0.8207826816681233,1.0,1.0
Unbreaded_Chicken_Breast,0,5,10,0.85,0.8720815992723809,0.5,1.0
Unbreaded_Chicken_Breast,0,5,10,0.85,0.8720815992723809,1.0,1.0
Unbreaded_Chicken_Breast,0,5,10,0.9,0.9486832980505138,0.5,1.0
Unbreaded_Chicken_Breast,0,5,10,0.95,0.9746794344808964,1.0,1.0
Unbreaded_Chicken_Breast,0,5,10,0.95,0.9746794344808964,1.0,1.0
Unbreaded_Chicken_Breast,0,5,10,0.95,0.9746794344808964,1.0,1.0
Unbreaded_Chicken_Breast,1,5,10,0.2,-0.7,0.0,0.0
Unbreaded_Chicken_Breast,1,5,10,0.25,-0.6708203932499368,0.0,0.0
Unbreaded_Chicken_Breast,1,5,10,0.25,-0.6668859288553501,0.0,0.0
Unbreaded_Chicken_Breast,1,5,10,0.3,-0.7071067811865475,0.0,0.5
Unbreaded_Chicken_Breast,1,5,10,0.3,-0.5773502691896257,0.0,0.0
Unbreaded_Chicken_Breast,1,5,10,0.3,-0.5773502691896257,0.0,0.3333333333333333
Unbreaded_Chicken_Breast,1,5,10,0.3,-0.4743416490252569,0.0,0.0
Unbreaded_Chicken_Breast,1,5,10,0.35,-0.4616902584383193,0.0,0.0
Unbreaded_Chicken_Breast,1,5,10,0.35,-0.3354101966249684,0.3333333333333333,1.0
Unbreaded_Chicken_Breast,1,5,10,0.4,-0.3535533905932737,0.0,0.5
Unbreaded_Chicken_Breast,1,5,10,0.4,-0.3535533905932737,0.0,0.5
Unbreaded_Chicken_Breast,1,5,10,0.4,-0.2886751345948128,0.0,0.3333333333333333
Unbreaded_Chicken_Breast,1,5,10,0.4,-0.2886751345948128,0.0,0.3333333333333333
Unbreaded_Chicken_Breast,1,5,10,0.45,-0.1538967528127731,0.0,1.0
Unbreaded_Chicken_Breast,1,5,10,0.45,-0.1118033988749894,0.0,0.0
Unbreaded_Chicken_Breast,1,5,10,0.45,-0.1025978352085154,0.0,0.0
Unbreaded_Chicken_Breast,1,5,10,0.45,0.0512989176042577,0.0,0.0
Unbreaded_Chicken_Breast,1,5,10,0.5,0.0,0.0,0.5
Unbreaded_Chicken_Breast,1,5,10,0.5,0.0,0.0,1.0
Unbreaded_Chicken_Breast,1,5,10,0.5,0.0,0.25,0.75
Unbreaded_Chicken_Breast,1,5,10,0.5,0.0,0.25,0.75
Unbreaded_Chicken_Breast,1,5,10,0.5,0.0,0.3333333333333333,1.0
Unbreaded_Chicken_Breast,1,5,10,0.5,0.0,0.5,1.0
Unbreaded_Chicken_Breast,1,5,10,0.5,0.1054092553389459,0.0,0.5
Unbreaded_Chicken_Breast,1,5,10,0.5,0.1054092553389459,1.0,1.0
Unbreaded_Chicken_Breast,1,5,10,0.5,,0.2,0.6
Unbreaded_Chicken_Breast,1,5,10,0.5,,0.2,0.6
Unbreaded_Chicken_Breast,1,5,10,0.5,,0.2,0.6
Unbreaded_Chicken_Breast,1,5,10,0.55,0.1025978352085154,0.0,0.0
Unbreaded_Chicken_Breast,1,5,10,0.55,0.1118033988749894,0.0,0.3333333333333333
Unbreaded_Chicken_Breast,1,5,10,0.55,0.2051956704170308,0.0,1.0
Unbreaded_Chicken_Breast,1,5,10,0.55,0.2236067977499789,0.0,0.3333333333333333
Unbreaded_Chicken_Breast,1,5,10,0.55,0.2236067977499789,0.0,0.6666666666666666
Unbreaded_Chicken_Breast,1,5,10,0.55,0.2236067977499789,1.0,1.0
Unbreaded_Chicken_Breast,1,5,10,0.55,0.3077935056255462,0.0,1.0
Unbreaded_Chicken_Breast,1,5,10,0.6,0.1581138830084189,0.0,0.0
Unbreaded_Chicken_Breast,1,5,10,0.6,0.1581138830084189,0.5,1.0
Unbreaded_Chicken_Breast,1,5,10,0.6,0.1581138830084189,0.5,1.0
Unbreaded_Chicken_Breast,1,5,10,0.6,0.2108185106778919,0.0,1.0
Unbreaded_Chicken_Breast,1,5,10,0.6,0.2886751345948128,0.5,1.0
Unbreaded_Chicken_Breast,1,5,10,0.6,0.3162277660168379,0.0,1.0
Unbreaded_Chicken_Breast,1,5,10,0.6,0.3535533905932737,0.25,0.75
Unbreaded_Chicken_Breast,1,5,10,0.65,0.3590924232298039,0.0,0.0
Unbreaded_Chicken_Breast,1,5,10,0.65,0.3590924232298039,1.0,1.0
Unbreaded_Chicken_Breast,1,5,10,0.65,0.4103913408340616,0.0,0.5
Unbreaded_Chicken_Breast,1,5,10,0.65,0.4103913408340616,1.0,1.0
Unbreaded_Chicken_Breast,1,5,10,0.65,0.4103913408340616,1.0,1.0
Unbreaded_Chicken_Breast,1,5,10,0.65,0.4472135954999578,0.0,0.6666666666666666
Unbreaded_Chicken_Breast,1,5,10,0.65,0.4472135954999578,0.0,0.6666666666666666
Unbreaded_Chicken_Breast,1,5,10,0.65,0.4472135954999578,0.0,1.0
Unbreaded_Chicken_Breast,1,5,10,0.65,0.4472135954999578,1.0,1.0
Unbreaded_Chicken_Breast,1,5,10,0.65,0.4616902584383193,0.0,1.0
Unbreaded_Chicken_Breast,1,5,10,0.65,0.4616902584383193,0.5,1.0
Unbreaded_Chicken_Breast,1,5,10,0.7,0.4743416490252569,0.5,1.0
Unbreaded_Chicken_Breast,1,5,10,0.7,0.5270462766947299,0.0,0.5
Unbreaded_Chicken_Breast,1,5,10,0.7,0.5773502691896257,0.3333333333333333,1.0
Unbreaded_Chicken_Breast,1,5,10,0.7,0.5773502691896257,0.5,1.0
Unbreaded_Chicken_Breast,1,5,10,0.7,0.5773502691896257,0.5,1.0
Unbreaded_Chicken_Breast,1,5,10,0.7,0.6,0.0,1.0
Unbreaded_Chicken_Breast,1,5,10,0.7,0.7071067811865475,0.25,0.75
Unbreaded_Chicken_Breast,1,5,10,0.7,0.7071067811865475,1.0,1.0
Unbreaded_Chicken_Breast,1,5,10,0.7,0.7071067811865475,1.0,1.0
Unbreaded_Chicken_Breast,1,5,10,0.7,0.7071067811865475,1.0,1.0
Unbreaded_Chicken_Breast,1,5,10,0.75,0.5642880936468347,1.0,1.0
Unbreaded_Chicken_Breast,1,5,10,0.75,0.6155870112510925,0.0,1.0
Unbreaded_Chicken_Breast,1,5,10,0.75,0.6155870112510925,1.0,1.0
Unbreaded_Chicken_Breast,1,5,10,0.75,0.6668859288553501,0.0,1.0
Unbreaded_Chicken_Breast,1,5,10,0.75,0.6668859288553501,0.0,1.0
Unbreaded_Chicken_Breast,1,5,10,0.75,0.6668859288553501,0.0,1.0
Unbreaded_Chicken_Breast,1,5,10,0.75,0.6668859288553501,0.5,1.0
Unbreaded_Chicken_Breast,1,5,10,0.75,0.6708203932499368,1.0,1.0
Unbreaded_Chicken_Breast,1,5,10,0.75,0.6708203932499368,1.0,1.0
Unbreaded_Chicken_Breast,1,5,10,0.75,0.7181848464596079,0.0,1.0
Unbreaded_Chicken_Breast,1,5,10,0.75,0.7826237921249264,0.0,1.0
Unbreaded_Chicken_Breast,1,5,10,0.75,0.7826237921249264,0.3333333333333333,1.0
Unbreaded_Chicken_Breast,1,5,10,0.8,0.7378647873726218,0.5,1.0
Unbreaded_Chicken_Breast,1,5,10,0.8,0.7378647873726218,0.5,1.0
Unbreaded_Chicken_Breast,1,5,10,0.8,0.7905694150420948,0.5,1.0
Unbreaded_Chicken_Breast,1,5,10,0.85,0.8207826816681233,0.0,1.0
Unbreaded_Chicken_Breast,1,5,10,0.85,0.8207826816681233,0.0,1.0
Unbreaded_Chicken_Breast,1,5,10,0.85,0.8207826816681233,1.0,1.0
Unbreaded_Chicken_Breast,1,5,10,0.85,0.8720815992723809,0.5,1.0
Unbreaded_Chicken_Breast,1,5,10,0.85,0.8720815992723809,1.0,1.0
Unbreaded_Chicken_Breast,1,5,10,0.85,0.8944271909999157,0.3333333333333333,1.0
Unbreaded_Chicken_Breast,1,5,10,0.85,0.8944271909999157,1.0,1.0
Unbreaded_Chicken_Breast,1,5,10,0.85,0.8944271909999157,1.0,1.0
Unbreaded_Chicken_Breast,1,5,10,0.85,0.8944271909999157,1.0,1.0
Unbreaded_Chicken_Breast,1,5,10,0.85,0.8944271909999157,1.0,1.0
Unbreaded_Chicken_Breast,1,5,10,0.9,0.8999999999999998,1.0,1.0
Unbreaded_Chicken_Breast,1,5,10,0.9,0.9486832980505138,0.5,1.0
Unbreaded_Chicken_Breast,1,5,10,0.9,0.9486832980505138,0.5,1.0
Unbreaded_Chicken_Breast,1,5,10,0.9,0.9486832980505138,0.5,1.0
Unbreaded_Chicken_Breast,1,5,10,0.9,0.9486832980505138,0.5,1.0
Unbreaded_Chicken_Breast,1,5,10,0.95,0.9746794344808964,1.0,1.0
Yogurt,0,4,6,0.0833333333333333,-0.948683298050514,0.0,0.5
Yogurt,0,4,6,0.1666666666666666,-0.8944271909999159,0.0,0.5
Yogurt,0,4,6,0.25,-0.7745966692414834,0.0,0.0
Yogurt,0,4,6,0.25,-0.7745966692414834,0.0,0.6666666666666666
Yogurt,0,4,6,0.25,-0.7745966692414834,0.0,0.6666666666666666
Yogurt,0,4,6,0.25,-0.7378647873726218,0.0,1.0
Yogurt,0,4,6,0.25,-0.632455532033676,0.0,1.0
Yogurt,0,4,6,0.25,-0.632455532033676,0.0,1.0
Yogurt,0,4,6,0.3333333333333333,-0.4472135954999579,0.0,0.5
Yogurt,0,4,6,0.3333333333333333,-0.4472135954999579,0.0,0.5
Yogurt,0,4,6,0.3333333333333333,-0.3999999999999999,0.0,0.0
Yogurt,0,4,6,0.4166666666666667,-0.316227766016838,0.0,1.0
Yogurt,0,4,6,0.4166666666666667,-0.316227766016838,0.0,1.0
Yogurt,0,4,6,0.4166666666666667,-0.316227766016838,0.0,1.0
Yogurt,0,4,6,0.4166666666666667,-0.316227766016838,0.0,1.0
Yogurt,0,4,6,0.4166666666666667,-0.2581988897471611,0.0,0.6666666666666666
Yogurt,0,4,6,0.4166666666666667,-0.2581988897471611,0.0,0.6666666666666666
Yogurt,0,4,6,0.4166666666666667,-0.2581988897471611,0.3333333333333333,1.0
Yogurt,0,4,6,0.4166666666666667,-0.2581988897471611,0.3333333333333333,1.0
Yogurt,0,4,6,0.4166666666666667,-0.2108185106778919,0.0,0.5
Yogurt,0,4,6,0.4166666666666667,-0.2108185106778919,0.0,1.0
Yogurt,0,4,6,0.4166666666666667,-0.2108185106778919,0.0,1.0
Yogurt,0,4,6,0.4166666666666667,-0.1054092553389459,0.5,1.0
Yogurt,0,4,6,0.5,-0.1999999999999999,0.0,0.0
Yogurt,0,4,6,0.5,0.0,0.0,0.5
Yogurt,0,4,6,0.5,0.0,0.0,0.5
Yogurt,0,4,6,0.5,0.0,0.0,1.0
Yogurt,0,4,6,0.5,0.0,0.5,1.0
Yogurt,0,4,6,0.5,0.0,0.5,1.0
Yogurt,0,4,6,0.5,0.0,0.5,1.0
Yogurt,0,4,6,0.5,0.1999999999999999,0.0,1.0
Yogurt,0,4,6,0.5,,0.25,0.75
Yogurt,0,4,6,0.5,,0.25,0.75
Yogurt,0,4,6,0.5,,0.25,0.75
Yogurt,0,4,6,0.5833333333333334,0.1054092553389459,0.5,1.0
Yogurt,0,4,6,0.5833333333333334,0.1054092553389459,0.5,1.0
Yogurt,0,4,6,0.5833333333333334,0.2581988897471611,0.0,0.6666666666666666
Yogurt,0,4,6,0.5833333333333334,0.2581988897471611,0.0,0.6666666666666666
Yogurt,0,4,6,0.5833333333333334,0.2581988897471611,0.3333333333333333,1.0
Yogurt,0,4,6,0.5833333333333334,0.2581988897471611,0.3333333333333333,1.0
Yogurt,0,4,6,0.5833333333333334,0.316227766016838,0.0,1.0
Yogurt,0,4,6,0.5833333333333334,0.316227766016838,0.0,1.0
Yogurt,0,4,6,0.5833333333333334,0.316227766016838,0.0,1.0
Yogurt,0,4,6,0.5833333333333334,0.316227766016838,0.0,1.0
Yogurt,0,4,6,0.5833333333333334,0.316227766016838,0.0,1.0
Yogurt,0,4,6,0.6666666666666666,0.3999999999999999,0.0,1.0
Yogurt,0,4,6,0.6666666666666666,0.3999999999999999,0.0,1.0
Yogurt,0,4,6,0.6666666666666666,0.3999999999999999,1.0,1.0
Yogurt,0,4,6,0.6666666666666666,0.4472135954999579,0.5,1.0
Yogurt,0,4,6,0.6666666666666666,0.6000000000000001,0.0,1.0
Yogurt,0,4,6,0.75,0.632455532033676,0.0,1.0
Yogurt,0,4,6,0.75,0.632455532033676,0.0,1.0
Yogurt,0,4,6,0.75,0.632455532033676,0.0,1.0
Yogurt,0,4,6,0.75,0.632455532033676,0.0,1.0
Yogurt,0,4,6,0.75,0.632455532033676,0.0,1.0
Yogurt,0,4,6,0.75,0.632455532033676,0.0,1.0
Yogurt,0,4,6,0.75,0.632455532033676,0.5,1.0
Yogurt,0,4,6,0.75,0.632455532033676,0.5,1.0
Yogurt,0,4,6,0.75,0.632455532033676,0.5,1.0
Yogurt,0,4,6,0.75,0.632455532033676,0.5,1.0
Yogurt,0,4,6,0.75,0.632455532033676,0.5,1.0
Yogurt,0,4,6,0.75,0.632455532033676,0.5,1.0
Yogurt,0,4,6,0.75,0.632455532033676,1.0,1.0
Yogurt,0,4,6,0.75,0.632455532033676,1.0,1.0
Yogurt,0,4,6,0.75,0.632455532033676,1.0,1.0
Yogurt,0,4,6,0.75,0.632455532033676,1.0,1.0
Yogurt,0,4,6,0.75,0.632455532033676,1.0,1.0
Yogurt,0,4,6,0.75,0.632455532033676,1.0,1.0
Yogurt,0,4,6,0.75,0.7378647873726218,0.0,1.0
Yogurt,0,4,6,0.75,0.7378647873726218,0.0,1.0
Yogurt,0,4,6,0.75,0.7378647873726218,0.0,1.0
Yogurt,0,4,6,0.75,0.7378647873726218,0.5,1.0
Yogurt,0,4,6,0.75,0.7378647873726218,0.5,1.0
Yogurt,0,4,6,0.75,0.7378647873726218,0.5,1.0
Yogurt,0,4,6,0.75,0.7745966692414834,0.3333333333333333,1.0
Yogurt,0,4,6,0.75,0.7745966692414834,0.3333333333333333,1.0
Yogurt,0,4,6,0.75,0.7745966692414834,0.3333333333333333,1.0
Yogurt,0,4,6,0.75,0.7745966692414834,0.3333333333333333,1.0
Yogurt,0,4,6,0.75,0.7745966692414834,0.3333333333333333,1.0
Yogurt,0,4,6,0.75,0.7745966692414834,1.0,1.0
Yogurt,0,4,6,0.75,0.7745966692414834,1.0,1.0
Yogurt,0,4,6,0.75,0.7745966692414834,1.0,1.0
Yogurt,0,4,6,0.75,0.7745966692414834,1.0,1.0
Yogurt,0,4,6,0.8333333333333334,0.7999999999999999,0.0,1.0
Yogurt,0,4,6,0.8333333333333334,0.7999999999999999,0.0,1.0
Yogurt,0,4,6,0.8333333333333334,0.7999999999999999,0.0,1.0
Yogurt,0,4,6,0.8333333333333334,0.7999999999999999,0.0,1.0
Yogurt,0,4,6,0.8333333333333334,0.7999999999999999,1.0,1.0
Yogurt,0,4,6,0.8333333333333334,0.7999999999999999,1.0,1.0
Yogurt,0,4,6,0.8333333333333334,0.8944271909999159,0.5,1.0
Yogurt,0,4,6,0.8333333333333334,0.8944271909999159,0.5,1.0
Yogurt,0,4,6,0.8333333333333334,0.8944271909999159,0.5,1.0
Yogurt,0,4,6,0.8333333333333334,0.8944271909999159,0.5,1.0
Yogurt,0,4,6,0.9166666666666666,0.948683298050514,0.5,1.0
Yogurt,0,4,6,0.9166666666666666,0.948683298050514,0.5,1.0
Yogurt,0,4,6,0.9166666666666666,0.948683298050514,1.0,1.0
Yogurt,0,4,6,0.9166666666666666,0.948683298050514,1.0,1.0
Yogurt,0,4,6,0.9166666666666666,0.948683298050514,1.0,1.0
Yogurt,0,4,6,0.9166666666666666,0.948683298050514,1.0,1.0
Yogurt,0,4,6,0.9166666666666666,0.948683298050514,1.0,1.0
Yogurt,0,4,6,0.9166666666666666,0.948683298050514,1.0,1.0
Yogurt,0,4,6,0.9166666666666666,0.948683298050514,1.0,1.0
Yogurt,0,4,6,0.9166666666666666,0.948683298050514,1.0,1.0
Yogurt,0,4,6,0.9166666666666666,0.948683298050514,1.0,1.0
Yogurt,0,4,6,0.9166666666666666,0.948683298050514,1.0,1.0
Yogurt,1,2,1,0.0,-1.0,0.0,1.0
Yogurt,1,2,1,0.0,-1.0,0.0,1.0
Yogurt,1,2,1,0.0,-1.0,0.0,1.0
Yogurt,1,2,1,0.0,-1.0,0.0,1.0
Yogurt,1,2,1,0.0,-1.0,0.0,1.0
Yogurt,1,2,1,0.0,-1.0,0.0,1.0
Yogurt,1,2,1,0.0,-1.0,0.0,1.0
Yogurt,1,2,1,0.0,-1.0,0.0,1.0
Yogurt,1,2,1,0.0,-1.0,0.0,1.0
Yogurt,1,2,1,0.0,-1.0,0.0,1.0
Yogurt,1,2,1,0.0,-1.0,0.0,1.0
Yogurt,1,2,1,0.0,-1.0,0.0,1.0
Yogurt,1,2,1,0.0,-1.0,0.0,1.0
Yogurt,1,2,1,0.0,-1.0,0.0,1.0
Yogurt,1,2,1,0.0,-1.0,0.0,1.0
Yogurt,1,2,1,0.0,-1.0,0.0,1.0
Yogurt,1,2,1,0.0,-1.0,0.0,1.0
Yogurt,1,2,1,0.0,-1.0,0.0,1.0
Yogurt,1,2,1,0.0,-1.0,0.0,1.0
Yogurt,1,2,1,0.0,-1.0,0.0,1.0
Yogurt,1,2,1,0.0,-1.0,0.0,1.0
Yogurt,1,2,1,0.0,-1.0,0.0,1.0
Yogurt,1,2,1,0.0,-1.0,0.0,1.0
Yogurt,1,2,1,0.0,-1.0,0.0,1.0
Yogurt,1,2,1,0.0,-1.0,0.0,1.0
Yogurt,1,2,1,0.0,-1.0,0.0,1.0
Yogurt,1,2,1,0.0,-1.0,0.0,1.0
Yogurt,1,2,1,0.0,-1.0,0.0,1.0
Yogurt,1,2,1,0.0,-1.0,0.0,1.0
Yogurt,1,2,1,0.0,-1.0,0.0,1.0
Yogurt,1,2,1,0.0,-1.0,0.0,1.0
Yogurt,1,2,1,0.0,-1.0,0.0,1.0
Yogurt,1,2,1,0.0,-1.0,0.0,1.0
Yogurt,1,2,1,0.5,,0.5,1.0
Yogurt,1,2,1,0.5,,0.5,1.0
Yogurt,1,2,1,0.5,,0.5,1.0
Yogurt,1,2,1,0.5,,0.5,1.0
Yogurt,1,2,1,0.5,,0.5,1.0
Yogurt,1,2,1,0.5,,0.5,1.0
Yogurt,1,2,1,0.5,,0.5,1.0
Yogurt,1,2,1,0.5,,0.5,1.0
Yogurt,1,2,1,0.5,,0.5,1.0
Yogurt,1,2,1,0.5,,0.5,1.0
Yogurt,1,2,1,0.5,,0.5,1.0
Yogurt,1,2,1,0.5,,0.5,1.0
Yogurt,1,2,1,0.5,,0.5,1.0
Yogurt,1,2,1,0.5,,0.5,1.0
Yogurt,1,2,1,0.5,,0.5,1.0
Yogurt,1,2,1,0.5,,0.5,1.0
Yogurt,1,2,1,0.5,,0.5,1.0
Yogurt,1,2,1,0.5,,0.5,1.0
Yogurt,1,2,1,0.5,,0.5,1.0
Yogurt,1,2,1,0.5,,0.5,1.0
Yogurt,1,2,1,0.5,,0.5,1.0
Yogurt,1,2,1,0.5,,0.5,1.0
Yogurt,1,2,1,0.5,,0.5,1.0
Yogurt,1,2,1,0.5,,0.5,1.0
Yogurt,1,2,1,0.5,,0.5,1.0
Yogurt,1,2,1,0.5,,0.5,1.0
Yogurt,1,2,1,0.5,,0.5,1.0
Yogurt,1,2,1,0.5,,0.5,1.0
Yogurt,1,2,1,0.5,,0.5,1.0
Yogurt,1,2,1,0.5,,0.5,1.0
Yogurt,1,2,1,0.5,,0.5,1.0
Yogurt,1,2,1,1.0,1.0,1.0,1.0
Yogurt,1,2,1,1.0,1.0,1.0,1.0
Yogurt,1,2,1,1.0,1.0,1.0,1.0
Yogurt,1,2,1,1.0,1.0,1.0,1.0
Yogurt,1,2,1,1.0,1.0,1.0,1.0
Yogurt,1,2,1,1.0,1.0,1.0,1.0
Yogurt,1,2,1,1.0,1.0,1.0,1.0
Yogurt,1,2,1,1.0,1.0,1.0,1.0
Yogurt,1,2,1,1.0,1.0,1.0,1.0
Yogurt,1,2,1,1.0,1.0,1.0,1.0
Yogurt,1,2,1,1.0,1.0,1.0,1.0
Yogurt,1,2,1,1.0,1.0,1.0,1.0
Yogurt,1,2,1,1.0,1.0,1.0,1.0
Yogurt,1,2,1,1.0,1.0,1.0,1.0
Yogurt,1,2,1,1.0,1.0,1.0,1.0
Yogurt,1,2,1,1.0,1.0,1.0,1.0
Yogurt,1,2,1,1.0,1.0,1.0,1.0
Yogurt,1,2,1,1.0,1.0,1.0,1.0
Yogurt,1,2,1,1.0,1.0,1.0,1.0
Yogurt,1,2,1,1.0,1.0,1.0,1.0
Yogurt,1,2,1,1.0,1.0,1.0,1.0
Yogurt,1,2,1,1.0,1.0,1.0,1.0
Yogurt,1,2,1,1.0,1.0,1.0,1.0
Yogurt,1,2,1,1.0,1.0,1.0,1.0
Yogurt,1,2,1,1.0,1.0,1.0,1.0
Yogurt,1,2,1,1.0,1.0,1.0,1.0
Yogurt,1,2,1,1.0,1.0,1.0,1.0
Yogurt,1,2,1,1.0,1.0,1.0,1.0
Yogurt,1,2,1,1.0,1.0,1.0,1.0
Yogurt,1,2,1,1.0,1.0,1.0,1.0
Yogurt,1,2,1,1.0,1.0,1.0,1.0
Yogurt,1,2,1,1.0,1.0,1.0,1.0
Yogurt,1,2,1,1.0,1.0,1.0,1.0
Yogurt,1,2,1,1.0,1.0,1.0,1.0
Yogurt,1,2,1,1.0,1.0,1.0,1.0
Yogurt,1,2,1,1.0,1.0,1.0,1.0
